,완전,완전히,아주
0,1,0,0
0됐어요,0,1,0
1,2,0,0
100퍼센트,1,0,0
100프로,0,1,0
10개도,1,0,0
10개씩,0,0,1
10대다,0,0,1
1도,1,0,0
1등신랑감인데요,1,0,0
1티어야,1,0,0
2,1,0,0
20까진,1,0,0
20분,1,0,0
20살,1,0,0
20이구나,1,0,0
2주,0,0,1
2주만인가,1,0,0
2학기에,0,0,1
4마리,0,0,1
5살때부터,1,0,0
5천원짜리,0,0,1
8월,1,0,0
E형,1,0,0
FM이라서,1,0,0
GS,1,0,0
INTJ,0,0,1
I인간이에요ㅋㅋㅋ,1,0,0
P라서,1,0,0
address걸이구만,1,0,0
affiliation,0,0,1
affiliation미식가네요,1,0,0
asmr아닌가요,1,0,0
asmr임,1,0,0
copy,0,2,0
fox야,0,0,1
f감성,1,0,0
istj라,1,0,0
mbti과몰입이에요,1,0,0
mbti박사신데,1,0,0
mvp예요,1,0,0
name16,0,0,1
name1꺼다,1,0,0
name1네,1,0,0
name1님,1,0,0
name1아니야,1,0,0
name1처럼,1,0,0
name2같아,1,0,0
name2네,1,0,0
name2이건데,1,0,0
name2이꺼다,1,0,0
name3,1,0,0
name3씨네요,0,0,1
name3이픽,1,0,0
name3인디,1,0,0
name4,1,0,0
name7이,1,0,0
p로,1,0,0
sbs의,1,0,0
smp,1,0,0
z,1,0,0
ㄱㅊ,1,0,0
ㅄ이었자나,1,0,0
ㅈ싹을,0,0,1
ㅊㅊ,1,0,0
ㅋ,1,0,2
ㅋㅋ,5,0,4
ㅋㅋㅋ,6,0,7
ㅋㅋㅋㅋ,0,0,2
ㅋㅋㅋㅋㅋ,1,0,1
ㅋㅋㅋㅋㅋㅋ,0,0,1
ㅋㅋㅋㅋㅋㅋㅋ,0,0,2
ㅋㅋㅋㅋㅋㅋㅋㅋㅋ,0,0,1
ㅋㅋㅋㅋㅋ큰일났어요ㅋㅋㅋㅋ,1,0,0
ㅋㅋㅋㅋ지금,1,0,0
ㅌㅋㅋㅋㅋ,0,0,1
ㅎ,1,0,2
ㅎㅎ,4,0,2
ㅎㅎㅎ,0,0,1
ㅜㅜ,1,0,1
ㅜㅜㅜㅜ,1,0,0
ㅠ,2,0,0
ㅠ_ㅠ,1,0,0
ㅠㅠ,2,0,2
ㅠㅠㅠㅠ,1,0,0
ㅡㅡ,1,0,2
ㅡㅡ나빴어,1,0,0
가,0,0,2
가1볍고,1,0,0
가고,1,0,0
가고싶어요,1,0,0
가기,1,1,0
가기가,1,0,0
가까운거면,0,0,1
가까운곳에,0,0,1
가까움,2,0,0
가까워,1,0,0
가까웠는데,1,0,0
가까이,1,0,0
가깝,1,0,0
가깝ㅈ,0,0,1
가깝고,0,0,1
가깝네,1,0,0
가깝죠,2,0,0
가깝지,2,0,0
가깝진,0,0,2
가끔,2,0,63
가끔가끔해요,1,0,0
가끔가다,0,0,1
가끔가다가,0,0,1
가끔가요,0,0,1
가끔느껴지거든여,0,0,1
가끔만,0,0,3
가끔만요,0,0,1
가끔먹으니까,0,0,1
가끔봐서,0,0,1
가끔봐요,0,0,1
가끔씩,0,0,7
가끔요,0,0,3
가끔은,0,0,2
가끔이라,0,0,1
가끔이죠,0,0,1
가끔해요,0,0,2
가난한,1,0,0
가늘게,0,0,1
가능,4,0,1
가능이에요,1,0,0
가능이죠,1,0,0
가능인데,2,0,0
가능하죠ㅋㅋㅋㅋㅋ알아서,1,0,0
가능하지,1,0,0
가능한,1,0,0
가능한거,1,0,0
가능합니다,1,0,0
가득,1,0,0
가득가득,0,0,1
가득하더라,0,0,1
가득히,1,0,0
가문의,1,0,0
가벼운,1,0,0
가벼운거,1,0,0
가벼워요,1,0,0
가보고싶어요,2,0,0
가보고싶었는데,1,0,0
가보고싶었어요,1,0,0
가뿐해졌지,0,0,1
가상인,1,0,0
가상인간이라고요,1,0,0
가서,0,0,1
가성비,7,0,2
가성비좋고,1,0,0
가성비콘서트,1,0,0
가스라이팅,2,0,0
가스라이팅할듯,1,0,0
가식,1,0,0
가아끔,0,0,5
가아끔ㅋㅋ,0,0,1
가아아아끔이여도,0,0,1
가요계팬덤,1,0,0
가운데에,1,0,0
가을,17,2,0
가을가을,1,0,0
가을같더라구요,1,0,0
가을같아요,1,0,0
가을겨울만,1,0,0
가을날씨,3,1,0
가을날씨같아요,1,0,0
가을날씨겟네요,1,0,0
가을날씨네요,2,0,0
가을날씨더라구요,1,0,0
가을날씨였어요,1,0,0
가을날씨죠,2,0,0
가을될,0,1,0
가을로,1,0,0
가을아네요,1,0,0
가을이,2,1,0
가을이겠죠,1,0,0
가을이네,0,1,0
가을이네요,4,0,0
가을이다,1,0,0
가을이당,1,0,0
가을이더라구요,1,0,0
가을이야,1,0,0
가을이양,1,0,0
가을이었죠,1,0,0
가을이에요,5,0,0
가을이에요ㅋㅋㅋㅋㅋ,1,0,0
가을이여,0,0,1
가을이온거같아요,1,0,0
가을이죠,1,0,0
가을이지,1,0,0
가을인가,1,0,0
가을인가봐요,1,0,0
가을인거,1,0,0
가을인데,1,0,0
가을인데요,1,0,0
가을일,3,0,0
가을일듯,1,0,0
가정적이야,1,0,0
가족인데,1,0,0
가지가지,0,0,1
가파른산말고,0,0,1
가파름,0,0,1
각인됐어요,1,0,0
각잡고,1,0,0
간간히,0,0,1
간게,0,1,0
간다하개,0,0,1
간단,1,0,0
간단하게,2,0,3
간단하고,0,0,1
간단하더라구요,1,0,0
간단하죠,1,0,0
간단한,1,0,1
간단한거정도만,0,0,1
간단해요,1,0,0
간단히,0,0,1
간단히만,1,0,0
간떨동에,0,0,1
간만인,0,0,1
간소하게,0,0,1
간소하지만,0,0,1
간술이다,1,0,0
간식시간이었죠ㅋㅋㅋ,1,0,0
간식에,1,0,0
간식용인디,1,0,0
간지,1,0,0
간지야,1,0,0
간지인게,1,0,0
간짜장,1,0,0
간편식이에요ㅋㅋ,1,0,0
간편하고,1,0,0
간편하네,1,0,0
간편해요,1,0,0
간혹가다가,0,0,1
갈것같은,0,1,0
갈대같아,1,0,0
갈대라니까,1,0,0
갈리는,2,0,0
갈릴,1,0,0
갈만한거린데,1,0,0
갈아탔어ㅋㅋㅋㅋ,1,0,0
갉아먹힌,1,0,0
감기걸린줄,1,0,0
감기걸릴가ㅓ같아요,1,0,0
감기에,1,0,0
감동,3,0,0
감동ㅎ,1,0,0
감동있어요,1,0,0
감동적이더라구요,0,0,1
감물쓰임,1,0,0
감미롭습니다,0,0,2
감사,1,0,1
감사합니다,0,0,1
감성감성,1,0,0
감성감성하네요ㅋㅋ,1,0,0
감자맛,0,0,1
감정,0,1,0
감정이입,1,0,0
감정이입했균,1,0,0
감정적으로,0,1,0
감질나요,0,0,1
감질맛,0,0,1
감쪽같아요,0,0,1
감탄하며,1,0,0
감탄하면서,1,0,0
감탄하신게느껴져요ㅋㅋㅋㅋㅋ,1,0,0
감탄했잖아요,1,0,0
감퇴,1,0,0
갑부,0,0,1
갑자기,1,0,1
값비싼,0,0,1
갓,0,0,1
갓생이잖아,1,0,0
강경민초단이에요,1,0,0
강력,1,0,0
강력한,0,0,1
강력했나보군ㅎㅎ,0,0,1
강렬하더라고요,0,0,1
강렬함,1,0,0
강렬했지,0,0,1
강심장,1,0,0
강아지,1,0,0
강아지파였는데,1,0,0
강쥐,1,0,0
강쥐여요,1,0,0
강철부대다,1,0,0
강추,2,0,0
강추는,0,0,1
강추에요,1,0,0
강추예요,1,0,0
강추요,1,0,0
강추하더라구요,1,0,0
강추합니다,1,0,0
강추해요,3,0,0
강추했는데,1,0,0
강하게,0,0,3
강하신,0,0,1
강하진,0,0,1
강한,0,0,1
강한데,1,0,1
강할듯합니다,0,0,1
강해,1,0,0
강행군,1,0,0
같군요,1,0,0
같네요,1,0,0
같아요,1,1,0
같으닞ㅂ,1,0,0
같으시네요,1,0,0
같은,1,1,0
같은지까진,0,1,0
같이,1,0,1
개,1,0,0
개거지핏될거같은,1,0,0
개구장이예요,1,0,0
개구쟁이,1,0,0
개귀요미,1,0,0
개그,1,0,0
개그캐라서,1,0,0
개꼰대,1,0,0
개꿀,2,0,0
개꿀딱,1,0,0
개꿀일,1,0,0
개냥쓰야,1,0,0
개냥이군요,1,0,0
개냥이랑,1,0,0
개냥이에요,1,0,0
개냥이였는데,1,0,0
개냥이였어요,1,0,0
개냥이인가,1,0,0
개노가다,1,0,0
개덥지않으면,1,0,0
개뜬금없이,1,0,0
개말랐고,1,0,0
개맛있는건데,1,0,0
개무시하는데,1,0,0
개발,0,0,1
개방적이라,0,0,1
개복치네,1,0,0
개부럽,1,0,0
개불같아,1,0,0
개빡쵸가지고,1,0,0
개사기새끼들,1,0,0
개손해자나,1,0,0
개양아치,1,0,0
개었어요ㅎㅎ,1,0,0
개운하게,3,0,0
개운행,1,0,0
개이덕이네,1,0,0
개이득,1,0,0
개이득이네,1,0,0
개이득이에요,1,0,0
개이득이죠,1,0,0
개이득인거,0,0,1
개인극장,1,0,0
개인플레이,1,0,0
개일진이엇잖아,1,0,0
개잡주라,1,0,0
개존맛이죠,1,0,0
개진상강사야,1,0,0
개쫄보라,1,0,0
개털,1,0,0
개판된듯,1,0,0
개판쓰,1,0,0
개판이얌,0,0,1
개팡,1,0,0
개환장파티다,1,0,0
갠찮,1,0,0
갤럭시파여서,1,0,0
갬동ㅠㅠㅠㅠㅠ,1,0,0
갬성,1,0,0
갭갭하고,0,0,1
걍,3,0,1
거금을,0,0,1
거꾸리네,1,0,0
거대하게,0,0,2
거대한,0,0,1
거덜을,0,0,1
거리가,0,0,2
거만해요,0,0,1
거부,1,0,0
거북목,1,0,0
거북이가,1,0,0
거상의,1,0,0
거실에,0,0,1
거울같다던데,1,0,0
거의,1,0,0
거저네,1,0,0
거저네요,1,0,0
거저예요,1,0,0
거저잖아,1,0,0
거주지역인지라,1,0,0
거지같아서,1,0,0
거지같았어요,1,0,0
거지같은거만,1,0,0
거지같이,0,0,1
거지다,1,0,0
거지모드로,1,0,0
거짓말쟁이,1,0,0
거하게,1,0,0
걱정,1,0,0
걱정돼죽겠어요,1,0,0
걱정되지않냐,1,0,0
걱정이었어ㅠ,1,0,0
건강,2,0,0
건강맨이시겠는데요,1,0,0
건강식,4,0,0
건강식단이네,1,0,0
건강식이군,0,0,1
건강식이네요,3,0,0
건강식이라,1,0,0
건강식이잖어,1,0,0
건강식이죠,2,0,0
건강이겠는뎅,1,0,0
건강주스네요,1,0,0
건강체,1,0,0
건강하셔,1,0,0
건강하셨음,0,0,1
건강하죠,0,0,1
건강하지,1,0,0
건강한,3,0,3
건강한데요,1,0,0
건강해,1,0,1
건강해졌네요,1,0,0
건강해지겠네요,0,0,1
건강해진다,0,1,0
건강휴먼이시네요,1,0,0
건들지도못해요,1,0,0
건성이라,1,0,0
건전하게,0,0,1
건전한,0,0,1
건조한,1,0,0
건조해,1,0,0
걷지는,0,1,0
걸쭉한,1,0,0
검색이,1,0,0
검은물이,0,0,1
검했던거,1,0,0
겁많은,1,0,0
겁이,0,0,2
겁쟁이에요,0,0,1
겁쟁이잖아요ㅠㅠㅠㅠ,1,0,0
겉바속촉이라,1,0,0
겉바속촉이래요,1,0,0
게임,1,0,0
게임인척,1,0,0
겐츈해보야용,1,0,0
겜충인데,1,0,0
겨울,1,0,0
겨울이다,1,0,0
겨울이단,1,0,0
겨울이당,1,0,0
격하게,0,0,1
결심하고,0,0,1
결혼도,0,0,1
겹치네요,1,0,0
경기도,1,0,0
경단녀거든요,1,0,0
경력자신데,1,0,0
경악,1,0,0
경쟁률이,0,0,1
경쾌한,1,0,0
계타셨네요,1,0,0
계획적인넘,0,0,1
고,1,0,0
고1때배우는,1,0,0
고가라인으로,1,0,0
고가의,0,0,1
고강도,1,0,0
고고,1,0,0
고구마,1,0,0
고구마긴,1,0,0
고궐이죠,1,0,0
고급,1,0,0
고급김치전이네요,1,0,0
고급스럽게,1,0,0
고급스럽네요,1,0,0
고급이신가,0,0,1
고급정본대요,1,0,0
고급지네요,1,0,0
고급진,0,0,1
고급짐,1,0,0
고기,2,0,0
고난의,0,0,1
고단백식단이라,0,0,1
고단수네요,0,0,1
고된,0,0,1
고르게,0,0,1
고마워,1,0,0
고마워요,1,0,1
고마워욬ㅋㅋㅋ,1,0,0
고마웠고,1,0,0
고마웡,1,0,0
고마웡ㅠㅠㅠㅠㅠ,1,0,0
고맙고,0,0,1
고맙네,1,0,0
고맙더라고요ㅎㅎ,1,0,0
고맙징,1,0,0
고무줄,1,0,0
고문이었을거같아요,1,0,0
고민,2,0,0
고민스럽다,0,0,1
고민이,0,0,1
고민중이에요,1,0,0
고민중이여,1,0,0
고민해서,1,0,0
고생많아찌,1,0,0
고생이다,1,0,0
고생하네,1,0,0
고생하셨겠어요,1,0,0
고생하시네요ㅜㅜ,1,0,0
고생하지ㅋㅋㅋㅋㅋㅋㅋㅋㅋ,1,0,0
고생해쒀,1,0,0
고생했겠지,1,0,0
고생했담,1,0,0
고소고소,1,0,0
고소득자,1,0,0
고소하겠네요,1,0,0
고소한,0,0,1
고소함,1,0,0
고소해,0,0,1
고소해버려,0,0,1
고소해요,1,0,0
고수네,1,0,0
고수느낌,1,0,0
고수더라고요ㅋㅋ,1,0,0
고수시잖아요,1,0,0
고수예요,1,0,0
고수인데,0,0,1
고슬고슬,1,0,0
고약하거든요,0,0,1
고약한,0,0,1
고양이,1,0,0
고양이그자체입니다,1,0,0
고양이요,1,0,0
고역입니다,0,0,1
고오급이신가봐요,0,0,1
고오오급지더라,1,0,0
고오오오옹오오급,1,0,0
고이고이,1,0,0
고인물,1,0,0
고인물이라,2,0,0
고인물이시네요,1,0,0
고인물이잖아요,1,0,0
고장에서,1,0,0
고전게임,2,0,0
고전게임들이네요ㅎㅎ,1,0,0
고전중이라네,0,0,1
고지식하고,1,0,0
고지식하면,1,0,0
고집이,1,0,0
고칼로리,3,0,0
고통스럽게,1,0,0
고통스럽네요,0,0,1
고통스럽지만,0,0,1
고통이구요,1,0,0
고통이에요,1,0,0
고학력,1,0,0
고행길이야,1,0,0
고행길이었고,1,0,0
곡예운전으로,1,0,0
골격이,1,0,0
골동품처럼,1,0,0
골목인데도,1,0,0
골치다,0,0,1
곪아서,1,0,0
곯아떨어짐,1,0,1
곰곰히,0,0,1
곰돌이됐음,1,0,0
곰팡이,1,0,0
곳곳에,1,0,0
공감,17,0,0
공감ㅋㅋ,1,0,0
공감ㅋㅋㅋ,1,0,0
공감ㅋㅋㅋㅋㅋㅋ,1,0,0
공감가는,1,0,0
공감가요,1,0,0
공감돼요,1,0,0
공감되네요,1,0,0
공감되는,2,0,0
공감백퍼ㅋㅋㅋㅋㅋㅋ,1,0,0
공감이,1,0,0
공감이에요,5,0,0
공감이에요ㅋㅋ,1,0,0
공감이에욬ㅋㅋ,1,0,0
공감이예요,1,0,0
공감이요,6,0,0
공감입니다,0,0,1
공감하며,1,0,0
공감합니다,3,0,0
공감합니다ㅜㅜ,1,0,0
공감해도,1,0,0
공감해요,6,0,0
공감해요ㅋㅋㅋ,1,0,0
공격적이네여,0,0,1
공부,1,0,1
공부는,1,0,0
공식임,1,0,0
공연,1,0,0
공원,1,0,0
공주님,1,0,0
공주님같은,1,0,0
공주님침대,1,0,0
공주임,1,0,0
공포게임이에요,1,0,0
과대포장ㅋㅋㅋ,1,0,0
과몰입,2,0,0
과몰입쟁이에요,1,0,0
과몰입쟁이인데,1,0,0
과몰입해서,1,0,0
과몰입했잖아요,1,0,0
과소비했어요,1,0,0
과일2개,1,0,0
과자마트ㅋㅋㅋ,1,0,0
과장님꺼,1,0,0
과하게,1,0,0
과학임,1,0,0
과학자,1,0,0
관광지는,1,0,0
관광지를,1,0,0
관심,2,0,0
관심없는데,1,0,0
관심이,0,0,1
관장이,0,0,1
괄괄합니다,0,0,1
광고천국이에요,0,0,1
광기,1,0,0
광란의,1,0,0
광범위하게,0,1,0
광팬,2,0,0
광팬이야,1,0,0
광팬이야ㅇㅇ,1,0,0
광활한,1,0,0
광활한고,1,0,0
괘씸함요,1,0,0
괘씸해,0,0,1
괜찬더라구요,0,0,1
괜찮긴해,1,0,0
괜찮네요,1,0,0
괜찮다,1,0,0
괜찮다고,0,0,1
괜찮습니다,1,0,0
괜찮아,2,0,0
괜찮아서ㅎㅎㅎ,0,0,1
괜찮아요,2,0,0
괜찮아요ㅋㅋㅋ,1,0,0
괜찮아진대,1,0,0
괜찮았어요,0,0,1
괜찮은,4,0,2
괜찮은데,3,0,0
괜찮은데요,1,0,0
괜찮은데요ㅋㅋ,1,0,0
괜찮죠,1,0,1
괜찮지,1,0,0
괜춘,1,0,0
괜춘한편이에요,0,0,1
괜춘해요,1,0,0
괜츈할거같아요,0,0,1
괜탆아,0,0,1
괴롭히고,0,0,1
괴식을,0,1,0
괴식이었어요,1,0,0
교보서,0,0,1
교수님,1,0,0
구냥,0,0,1
구독짱이시네요,1,0,0
구려,0,0,2
구려짐ㅠㅋㅋㅋㅋ,1,0,0
구름잔뜩이에요,1,0,0
구리구리하고,1,0,0
구린폰,1,0,0
구석에,1,0,0
구석탱이라,1,0,0
구세주,1,0,0
구수하냐,1,0,0
구수한,1,0,0
구축,1,0,0
구하기힘듭니다ㅋ,0,0,1
국물파티인가,1,0,0
국민,1,0,0
국밥충ㅋㅋㅋ소리듣거든요,1,0,0
국수,1,0,0
국어짱이셨나보다,1,0,0
국지성으로,1,0,0
국토대장정이네,1,0,0
군침,1,0,0
군침도는,0,0,1
군카,1,0,0
굳,1,0,0
굳굳이에요,0,0,1
굳입니다,0,0,1
굴렸는뎈ㅋㅋㅋㅋ,1,0,0
굶기는,1,0,0
굶었거든요,1,0,0
굽네치킨이더라니까요,1,0,0
굽은어깨랑,1,0,0
굿,1,0,5
굿고영굿고영,0,0,1
굿굿,0,0,1
굿쇼핑이네요,1,0,0
굿이네,0,0,1
굿이네요,0,0,1
굿이다,1,0,0
굿이랍니다,0,0,1
굿이얌,0,0,1
굿이었어,0,0,1
굿이에요,0,0,6
굿이여,0,0,2
굿이예요ㅋㅋㅋㅋㅋㅋ,0,0,1
굿이지,0,0,1
굿인데요,1,0,0
굿입니다,1,0,3
궁금,4,0,1
궁금증,1,0,0
궁금하게,0,0,1
궁금하긴,1,0,0
궁금하네요,2,0,0
궁금하다,4,0,0
궁금하당,1,0,0
궁금한,1,0,0
궁금한데,1,0,0
궁금한데요,1,0,0
궁금함,2,0,0
궁금해,1,0,0
궁금해여,1,0,0
궁금해요,2,0,0
궁금해졌어여,1,0,0
궁금했어,1,0,0
궁합이,1,0,0
귀,1,0,0
귀신,1,0,0
귀신같이,0,0,1
귀신이구나,1,0,0
귀야버,0,0,1
귀업다,1,0,0
귀여우시던데,1,0,0
귀여우어요,0,0,1
귀여운,5,0,3
귀여운데,1,0,0
귀여울,2,0,1
귀여움,2,0,0
귀여워,9,0,3
귀여워ㅠ,1,0,0
귀여워ㅠㅠ,2,0,0
귀여워서ㅎ,0,0,1
귀여워여,1,0,0
귀여워요,9,0,2
귀여워요ㅜㅜ,1,0,0
귀여워요오,1,0,0
귀여워용,1,0,0
귀여워유ㅠㅠㅠㅜㅜ,0,0,1
귀여웠겠다,1,0,0
귀여웠겠어요,1,0,0
귀여웠는데,1,0,0
귀여웠당,1,0,0
귀여웠어요,1,0,2
귀여웠어요ㅋㅋ,1,0,0
귀여웠우,1,0,0
귀여웠지,1,0,0
귀여웡,5,0,0
귀여유,1,0,0
귀여윤,1,0,0
귀연,0,0,1
귀염,1,0,1
귀염둥이,1,0,0
귀염둥이였었죠,1,0,0
귀염뽀짝,0,0,1
귀염뽀짝해요,1,0,0
귀염상,1,0,0
귀엽게,1,0,0
귀엽게생긴애,1,0,0
귀엽겠네요,2,0,0
귀엽겠다,1,0,0
귀엽겠어요,2,0,0
귀엽겠지,1,0,0
귀엽구,2,0,0
귀엽긴한데,0,0,1
귀엽네요,1,0,0
귀엽네요ㅎㅎㅎ,1,0,0
귀엽넹,2,0,0
귀엽다,1,0,0
귀엽다는거잖어,1,0,0
귀엽답니다,0,0,1
귀엽당,1,0,0
귀엽더라고요,1,0,0
귀엽더라구오,0,0,1
귀엽더라구요,1,0,0
귀엽습니다,0,0,1
귀엽자낰ㅋㅋㅋ,1,0,0
귀엽잖아요ㅠㅠ,1,0,0
귀엽죠,2,0,0
귀엽죠ㅠㅠ,1,0,0
귀엽지,2,0,2
귀엽지ㅠㅠ,1,0,0
귀요미,3,0,0
귀요미야,1,0,0
귀욤,1,0,0
귀욤ㅋㅋㅋㅋㅋ,1,0,0
귀욤ㅠ,1,0,0
귀욤뽀짝하다고,1,0,0
귀욤신입,1,0,0
귀욥,1,0,0
귀차낳아,0,0,1
귀찮,1,0,0
귀찮스빈다,0,0,1
귀찮아,1,0,0
귀찮아서ㅠㅠ,1,0,0
귀찮아요,1,0,0
귀찮았지,0,0,1
귀찮은일이여,0,0,1
귀찮을때,1,0,0
귀한,0,0,1
귀한곳인데요,0,0,1
규ㅣ여웠잔ㄹ아요,1,0,0
귤러가는,0,0,1
그,11,0,0
그거다,2,0,0
그거때문에,0,0,1
그거랑,1,0,0
그거야,1,0,1
그거였어요,1,0,0
그거잖아,1,0,0
그건,1,0,0
그걸,1,0,0
그게,0,0,1
그냥,4,0,62
그녕,0,0,1
그대로,1,0,0
그대로같은데ㅠ,1,0,0
그득,0,0,1
그때가편했지,1,0,0
그래,2,0,0
그래요,1,0,0
그랬겠네요,1,0,0
그런,1,0,0
그럴,1,0,0
그럴듯해,1,0,0
그럴싸한,0,0,1
그럼,1,0,0
그렇게,1,0,0
그렇대ㅋㅋㅋ,1,0,0
그렇지,1,0,0
그레잇이네요,0,0,1
그뤠잇,0,0,2
그리고,1,0,0
그리워요,1,0,0
그리워하고이씀니다,1,0,0
그린라이튼데,1,0,0
그림,1,0,0
그림같은,1,0,0
그마음,1,0,0
그만둿다고,0,0,1
그지였고,1,0,0
그지임,1,0,0
그짓말같애,0,0,1
그쪽은,1,0,0
그쳐야,0,1,0
그쳤나봐요,1,0,0
그쳤어요,1,0,0
그친,0,1,0
극과,1,0,0
극과극이에요ㅋㅋㅋ,1,0,0
극극극,1,0,0
극기훈련이었네,1,0,0
극락이네요ㅋㅋㅋㅋㅋ,1,0,0
극락이죠,0,0,1
극비래요,1,0,0
극에,1,0,0
극찬을,0,0,1
극초반,1,0,0
극초반이라,0,0,1
극한의,1,0,1
극혐해,1,0,0
극혐해요,1,0,0
극호까진아닌데,1,0,0
근데,1,0,0
근무유연제였어요,1,0,0
근수저,1,0,0
근육도,1,0,0
근육맨,1,0,0
근육맨이당,1,0,0
근육몬이야,1,0,0
근육빵빵,1,0,0
근육질,1,0,0
근접했습니다,0,0,1
근질거려서,0,0,1
근처군,0,0,1
근처네,1,0,0
근처네요,1,0,0
근처는,1,0,1
긁어모아요,1,0,0
금ㅈ,0,0,1
금방,2,0,1
금방이당,1,0,0
금방이얌,3,0,0
금방이에요,0,0,1
금손아니에요,1,0,0
금손이시네요,2,0,0
금융,1,0,0
금으로만된거라,1,0,0
급하구나,1,0,0
급할,0,0,1
긍정맨이얌,1,0,0
긔욤ㅋㅋㅋㅋㅋㅋㅋ,1,0,0
긔찮음을,0,0,1
기가막혔어요ㅠ,0,0,1
기가막힙니다ㅎ,0,0,1
기겁해서,1,0,0
기계친데,1,0,0
기깔나게,0,0,1
기깔나는거,0,0,1
기나긴,0,0,1
기다렸다는듯이,0,0,2
기다리던겅ㅋㅋㅋㅋㅋ,1,0,0
기대,1,0,0
기대가,0,0,1
기대돼,4,0,0
기대돼요,1,0,0
기대되겠는데요ㅠㅠㅠㅠㅠ,1,0,0
기대되겠다,1,0,0
기대되네요,2,0,1
기대되는군,0,0,1
기대되요,1,0,0
기대되용,1,0,0
기대된다,4,0,0
기대됩니당,1,0,0
기대만땅,1,0,0
기대주잉에요,1,0,0
기대중,2,0,0
기대중이라궁,0,0,1
기대중이야,1,0,0
기대중이얌,1,0,1
기대중이어요,1,0,0
기대중이에요,5,0,0
기대중이에욧,1,0,0
기대중입니다,2,0,0
기대즁ㅎㅎㅎㅎㅎ,1,0,0
기대하고,1,0,0
기대하구있어요,1,0,0
기독교신가요,1,0,0
기름지게,1,0,0
기만이에료,1,0,0
기본,4,0,1
기본만,0,0,2
기본맛,1,0,0
기본부터,0,0,1
기본뼈대만,0,0,1
기본이라,1,0,0
기본적인거야,0,0,1
기본적인걸,1,0,0
기부니가,0,0,1
기분,3,0,2
기분좋아진다,1,0,0
기분파라서,1,0,0
기빨려요,1,0,0
기뻐해야,1,0,0
기쁜,2,0,1
기쁩니다,0,0,1
기어,1,0,0
기어가고,1,0,0
기억에,1,0,0
기억할게요,1,0,0
기업체구나,1,0,0
기여움ㅠㅋㅋㅋ,1,0,0
기여워요,1,0,0
기엽눙ㅋㅋㅋㅋㅋ,1,0,0
기엽습니다,1,0,0
기울었다는데,0,1,0
기원전구시대,1,0,0
기절,1,0,0
기절ㅋㅋㅋㅋㅋ,1,0,0
기절각아냐,1,0,0
기절잠하다,1,0,0
기절할,2,0,0
기절해따,1,0,0
기절했넹,1,0,0
기절했다,1,0,0
기특하구만,0,0,1
기특하도다,0,0,3
기특한데,1,0,0
기특함,0,0,1
기특행,0,0,1
기현상,1,0,0
긴,1,0,0
긴거같아요,1,0,0
긴박한,1,0,0
긴장,1,0,0
긴장감,1,0,0
긴장됐어요ㅠㅠㅋㅋㅋㅋ,1,0,0
긴장을,1,0,0
긴장했더덩,1,0,0
길게,0,0,4
길다,1,0,0
길들여져서,1,0,0
길몽아니야,1,0,0
길몽이죠,0,0,1
길어,3,0,0
길어서,0,0,1
길지,1,0,0
길쭉함,1,0,0
길치,1,0,0
길티플레져,0,0,1
김자빱이지,1,0,0
깊이,0,0,1
까다로움,1,0,0
까다로워요,0,0,1
까다롭구나,0,0,1
까다롭군요,0,0,1
까막눈이에요,1,0,0
까만색,1,0,0
까망고양이가있는데,1,0,0
까매,1,0,0
까매짐,1,0,0
까먹고,1,0,0
까먹고잇엇어,1,0,0
까먹고있어서,1,0,0
까먹고있었는데,1,0,0
까먹고있었다,1,0,0
까먹어서,1,0,0
까먹었다,1,0,0
까먹은겨,1,0,0
까먹음,2,0,0
까묵고,1,0,0
까일꺼같은데여,1,0,0
까지는,1,0,0
까칠하더라구요,0,0,1
깔끔,2,0,1
깔끔하게,3,0,1
깔끔하고,1,0,0
깔끔하기만,1,0,0
깔끔하네,0,0,1
깔끔하더라고요,1,0,0
깔끔한거요,1,0,0
깔끔한맛도,0,0,1
깔끔해서,1,0,0
깔딱고개,0,0,1
깔려있지만요,1,0,0
깜깜하더라구요,1,0,0
깜깜해뎠오,1,0,0
깜놀,2,0,0
깜빡,0,0,1
깜짝,5,0,0
깜찍쓰합ㄴ디ㅏ,0,0,1
깜찍이ㅠㅠ,1,0,0
깜찍이들이에요,1,0,0
깜찍이라구,1,0,0
깜찍했다,1,0,0
깡말랐어,1,0,0
깨가,0,0,1
깨거든,0,1,0
깨꼿하데,0,0,1
깨끗은,1,0,0
깨끗하게,2,0,1
깨끗하더라고요,0,0,1
깨끗합니다ㅎㅋㅋㅋㅋㅋ,0,0,1
깨끗해,1,0,0
깨끗해졌겠네,0,0,1
깨똥,1,0,0
깨버려,1,0,0
깨소금,0,0,1
깨졌다고,1,0,0
깨지긴,1,0,0
깨진다,1,0,0
깬듯,0,1,0
깸ㅋㅋㅋㅋname6가,1,0,0
꺼져버렸으면,0,0,1
꺽이는,1,0,0
껌껌하지는,1,0,0
껌딱지예요,1,0,0
껌벅,0,0,1
껍질,1,0,0
껐지,1,0,0
꼬까옷,1,0,0
꼬꼬마시절에,1,0,0
꼬물이,1,0,0
꼬숩잖아,1,0,0
꼬질꼬질하고,1,0,0
꼬챙이처럼,1,0,0
꼭,0,0,2
꼭꼭,1,0,0
꼭데기서,1,0,0
꼰대,0,0,1
꼰대에요,1,0,0
꼴보기싫어서,0,0,1
꼴보기싫었음,0,0,1
꼴창,1,0,0
꼼꼼하게,1,0,0
꼼꼼하게는,1,0,0
꼼꼼해,1,0,0
꼼꼼히,3,0,0
꼼꼼히ㅋ,0,0,1
꼽주네,1,0,0
꼽준다,1,0,0
꽁꽁,1,0,0
꽁으로,1,0,0
꽁짜가,1,0,0
꽂혀서,4,0,0
꽂혓어요,1,0,0
꽂혔어요,1,0,0
꽂혔어용,1,0,0
꽂힌,0,1,0
꽃,1,0,0
꽃뱀이던데요,1,0,0
꽉,1,0,2
꽉꽉,1,0,1
꽉차있는데,1,0,0
꽉차있었죠,1,0,0
꽉찼어,0,0,1
꽝ㅋㅋㅋㅋㅋ,1,0,0
꽝이라,2,0,0
꽝이야,0,0,1
꽝이잖아요,1,0,0
꽝인,1,0,0
꽝잉데,1,0,0
꽝치고ㅎ,1,0,0
꾸깃꾸깃,1,0,0
꾸덕,1,0,0
꾸덕꾸덕,1,0,0
꾸덕하게,1,0,0
꾸덕하고,1,0,0
꾸덕한,1,0,0
꾸미는게,1,0,0
꾸불치고,0,0,1
꾸우덕,1,0,0
꾹꾹,0,0,1
꿀,1,0,0
꿀고구마임,1,0,0
꿀구매네요,1,0,0
꿀딜,1,0,0
꿀맛,3,0,0
꿀맛이에요,0,0,1
꿀맛이지,1,0,0
꿀맛인데,1,0,0
꿀맛일듯,0,0,1
꿀알바라고하던데,1,0,0
꿀알바만,1,0,0
꿀알바였지,1,0,0
꿀이네,1,0,0
꿀이네여,0,0,1
꿀이네요,1,0,0
꿀이네용,1,0,0
꿀이당,1,0,0
꿀이야,1,0,1
꿀이었지,1,0,0
꿀이여요,1,0,0
꿀이자너,1,0,0
꿀이죠,2,0,0
꿀인데요,1,0,0
꿀임,1,0,0
꿀입니다,0,0,1
꿀잠,1,0,0
꿀잠을,0,0,1
꿀잠자고있나부다,1,0,0
꿀잠자네용,1,0,0
꿀잠자서,1,0,0
꿀잠잣소,0,0,1
꿀잼,5,0,0
꿀잼이더라,1,0,0
꿀잼이에요,1,0,0
꿀잼이지,1,0,0
꿀조합이네요,1,0,0
꿀중의,1,0,0
꿀템이네용,1,0,0
꿀팁,11,0,0
꿀팁이네,1,0,0
꿀팁이네요,9,0,1
꿀팁이네용,1,0,0
꿀팁이다,1,0,0
꿀팁이에요,3,0,0
꿀팁이잖아요,1,0,0
꿀팁입니다,2,0,0
꿀피부져,0,0,1
꿈꾸는거네용,1,0,0
꿈나라,1,0,0
꿈에도,1,0,0
꿈의,1,0,0
꿉꿉ㅜㅜ,1,0,0
꿉꿉하네요ㅎㅎ,1,0,0
꿉꿉했어요,0,0,1
꿘강한,0,0,1
끈기,1,0,0
끈끈하다,0,0,1
끊기는,0,0,1
끊긴,1,0,0
끊임없이,0,0,1
끊지는,0,1,0
끊진,1,0,0
끌려서,1,0,0
끌려요ㅋㅋㅋㅋㅋㅋㅋ,0,0,1
끌리네요,1,0,0
끌리는데요,2,0,0
끌릴,1,0,0
끓어올리는,0,0,1
끝,1,0,0
끝과,2,0,0
끝나는,0,1,0
끝나는거야,1,0,0
끝나는건,1,0,0
끝나면,1,1,0
끝난,0,1,0
끝난거,1,0,0
끝난건,1,0,0
끝났나,1,0,0
끝내주게,0,0,1
끝내주는,1,0,0
끝도,0,0,1
끝이,1,0,0
끝이랭ㅜㅜ,1,0,0
끝이야,1,0,0
끝이져,0,0,1
끝자락이지,1,0,0
끝장을,0,0,1
끼가,1,0,0
끼니요정이였는데,1,0,0
낌,1,0,0
낑낑대네ㅜㅠㅜ,1,0,0
낑낑대면서,1,0,0
나,3,0,0
나가노는걸,0,0,1
나가리돼서,1,0,0
나가서,1,0,0
나갔습니다,1,0,0
나다,1,0,0
나락가고,1,0,0
나른하잖아요,1,0,0
나를,0,0,1
나를위한,1,0,0
나보다,1,0,1
나쁘게,1,0,0
나쁘지는,1,0,0
나쁘진,1,0,1
나쁜,1,0,2
나쁜거야,0,0,1
나쁜넘이야,0,0,1
나쁜놈이야,0,0,1
나쁜데네요,0,0,1
나오게,0,1,0
나오겟죠,1,0,0
나온거지,1,0,0
나요,0,0,1
나은건,1,0,0
나을겡ㅎㅎ,0,1,0
나이들었을때,1,0,0
나이수,0,0,1
나이스,0,0,5
나이스였네,1,0,0
나이스였었어요,0,0,1
나이스였으,0,0,1
나이스요,0,0,1
나이스인데,1,0,0
나이스하지,0,0,1
나이스한,0,0,1
나이쑤지,0,0,1
나임,1,0,0
나잖아,1,0,0
나중,0,0,1
나중에,0,0,3
나중에는,1,0,0
나중일거야,0,0,1
나중일일것,0,0,1
나지,1,0,0
나태한,0,0,1
나한테,0,1,0
난,1,0,0
난감하대,1,0,0
난감했어요,1,0,0
난데,1,0,0
난리,2,0,0
난리가,1,0,2
난리가났더라고요,0,0,1
난리구나,0,0,1
난리구만,0,0,1
난리나겠네,1,0,0
난리나겠다,1,0,0
난리나고,1,0,0
난리나잖아,1,0,0
난리난다,0,0,1
난리난리,0,0,1
난리난리더라아,0,0,1
난리남,0,0,1
난리납니다,0,0,1
난리낫어,1,0,0
난리났네,1,0,0
난리났다던데,1,0,0
난리네,0,0,1
난리네여,0,0,1
난리도,1,0,0
난리드만,1,0,0
난리라고,0,0,1
난리로군,0,0,1
난리를,0,0,2
난리바가지인데,0,0,1
난리법석이에요,0,0,1
난리부르스,0,0,1
난리부르스야,0,0,1
난리부르스치면서,0,0,1
난리야,0,0,1
난리에요,0,0,2
난리에요ㅎㅎ,1,0,0
난리였어요,1,0,0
난리였었어요ㅋㅋㅋ,1,0,0
난리예요,0,0,1
난리잖아,1,0,0
난이도가,0,0,1
난장판,1,0,0
날,0,0,3
날고기는것들,1,0,0
날뜀,1,0,0
날라다녀야,0,0,1
날라리네,1,0,0
날라차기를,0,0,1
날림,1,0,0
날림으로,1,0,0
날밤,1,0,0
날벼락이네,1,0,0
날씨,2,0,0
날씨가,0,0,1
날씨좋아요,1,0,0
날아다니시는데예,0,0,1
날잡았당,1,0,0
날카롭게,0,0,1
남녀노소에요,1,0,0
남돌한테,1,0,0
남보다,1,0,0
남부,1,0,0
남이네요,1,0,0
남자,1,0,0
남자name2이다,1,0,0
남쪽,0,0,1
남쪽이구나,1,0,0
남쪽이라고,1,0,0
남쪽이여서,1,0,0
남초여서,1,0,0
남편이랑,1,0,0
납작하게생겻구낭,0,1,0
납작하고,1,0,0
낫는,0,1,0
낭만이네요,1,0,0
낭만적이에요ㅜㅜㅜㅜ진짜,1,0,0
낭패봐요ㅎ,1,0,0
낮부터,0,0,2
낯가리는,1,0,0
내,8,0,3
내가,5,0,1
내려가서,1,0,0
내로남불의,1,0,0
내부자네,1,0,0
내서타일,1,0,0
내성적이에요,1,0,0
내성적이였어,1,0,0
내성적이진,1,0,0
내스ㅏㅌ일은,1,0,0
내스타일,2,0,0
내스타일은,1,0,0
내스타일이야,1,0,0
내스탈,2,0,0
내용,1,0,0
내일이,0,0,1
내집생기면,1,0,0
내추럴하게,1,0,0
내취향,3,0,0
내취향인,1,0,0
내친구,1,0,0
내향인이잖아요,1,0,0
내향적,1,0,0
냄시가,0,0,1
냉골인거야,1,0,0
냉동실만,0,0,1
냉정하게,1,0,0
냐냐야야야ㅑ양야냐야ㅑㅇ,1,0,0
너,1,0,0
너무,4,0,0
너무잘느껴져,0,0,1
너무좋다,1,0,0
너무하죠ㅠㅠㅠㅠ,1,0,0
너무함,1,0,0
너무해,1,0,0
넉넉잡고,1,0,0
넉넉하게,0,0,2
넉넉하지,1,0,0
넉다운,1,0,0
넋다운되어,0,1,0
넌,1,0,0
널널하고,1,0,0
널널한,0,0,1
널널해,0,0,1
널널해서,0,0,1
널렸어,0,0,1
넓은,1,0,0
넘어갔겠죠,1,0,0
넘쳐,0,0,1
넘쳐나네요,0,0,1
넘쳐나는거,0,0,1
넘쳐나는것같아요,0,0,1
넘치셨었네요bbㅋㅋㅋㅋ,1,0,0
네며들었네,0,0,1
네임드,1,0,0
노,1,0,0
노가다예요,1,0,0
노가다인데,1,0,0
노간지대장임,1,0,0
노골적으로여,1,0,0
노동ㅋㅋ,1,0,0
노동요로,1,0,0
노동이구나,0,0,1
노랑머리,1,0,0
노래잘하구,1,0,0
노래취향,1,0,0
노력파,1,0,0
노른자땅에,1,0,0
노맛,1,0,0
노매너였을게,1,0,0
노의미,1,0,0
노인,0,0,1
노잼,5,0,0
노잼이고,1,0,0
노하우네요,1,0,0
녹아,1,0,0
녹아버렸네,1,0,0
녹아요ㅠㅜ,1,0,0
녹초,1,0,1
녹초라,1,0,0
녹초였다가,1,0,0
녹초였어요,1,0,0
논란이썽서,1,0,0
놀거든,0,0,1
놀라겠는데,1,0,0
놀라서,0,0,1
놀라셨겠다,1,0,0
놀라셨겠어요,1,0,0
놀라셨죠,1,0,0
놀람,2,0,0
놀랐거든요,1,0,0
놀랐겠어요ㅠㅠ,1,0,0
놀랐네요,1,0,0
놀랐어요,3,0,0
놀랐잖아,1,0,0
놀랐지,1,0,0
놀래써,1,0,0
놀랜잖아,1,0,0
놀랬겠네,1,0,0
놀랬겠다ㅋㅋㅋㅋㅋㅋㅋㅋ,1,0,0
놀랬당,1,0,0
놀랬어요,1,0,0
놀랬잖아,1,0,0
놀려주고싶지만,1,0,0
놀자판,1,0,0
높겠네요,0,0,1
높네,1,0,0
높던데,1,0,0
높아서,0,0,2
높아요,0,0,1
높아진듯,1,0,0
높으니까요,0,0,1
높으시네요,1,0,0
높은,1,0,0
높은건,1,0,0
높지않나요,1,0,0
높진,0,0,1
놓아지지,0,1,0
놓았다,1,0,0
누가봐도,1,0,0
누나가,1,0,0
누래서,1,0,0
누워있어서,1,0,0
눈부시고,1,0,0
눈을,1,0,0
눈치보이고,1,0,0
눈치없죠,1,0,0
눈팅용입니다,1,0,0
눕진않구,1,0,0
뉴비셨어요,1,0,0
느긋하심요,0,0,1
느끼해요,2,0,0
느낌,1,0,0
느낌이,1,0,0
느낌이다르죠,1,0,0
느낌있어요,1,0,0
느러지는,0,0,1
느리고,1,0,0
느린,1,0,0
느린것이,0,0,1
늙어보임,1,0,0
늠름하고,0,0,1
능구렁이,1,0,0
능력대박이니깐,1,0,0
능력자,1,0,0
능력자군요,1,0,0
능력자세요,1,0,0
능력자시네요,1,0,0
능력자야,0,0,1
능수능란이네,0,0,1
능숙해졌겠네,1,0,0
늦게,5,0,1
늦게까지,2,0,0
늦게잤넹,1,0,0
늦게하넼ㅋㅋㅌㅋㅌㅌ,1,0,0
늦둥이라,1,0,0
늦둥이시네요,1,0,0
늦었네,1,0,0
늦었네요,0,0,1
늦잠,1,0,0
늦지,0,0,1
늦진,0,0,1
니가,0,0,1
닉이랑,1,0,0
다,23,4,4
다끊겨버려서,1,0,0
다독가,1,0,0
다들,1,0,0
다떨어졌앙,1,0,0
다뚫림,1,0,0
다르거든요,2,0,0
다르게생김ㅋㅋㅋㅋ,1,0,0
다르겠죠,1,0,0
다르기도,1,0,0
다르긴하더라구요,1,0,0
다르네,2,0,0
다르네요,5,0,0
다르네요ㅎㅎ,2,0,0
다르넹,1,0,0
다르니,1,0,0
다르니까,1,0,0
다르다,1,0,0
다르다ㅋㅋㅋㅋ,1,0,0
다르다까지는,0,0,1
다르다더니,1,0,0
다르대서,1,0,0
다르더라,1,0,0
다르더라고요,1,0,0
다르더라구여,1,0,0
다르더라구요,4,0,0
다르더만,0,1,0
다르던데요ㅠㅠ,1,0,0
다르셨나보네요,1,0,0
다르시네용ㅋㅋㅋ,1,0,0
다르잖아,2,0,0
다르잖아요,1,0,1
다르잖아욬,1,0,0
다르잖어,1,0,0
다르져,2,0,0
다르죠,1,0,0
다르지,6,0,0
다르지만,1,0,0
다르지않아요,1,0,0
다른,31,3,1
다른가바요,1,0,0
다른거,1,0,1
다른거같으면서,1,0,0
다른건데,1,0,0
다른내용이에여,1,0,0
다른느낌,1,0,0
다른느낌이지,0,1,0
다른데,2,0,0
다른데ㅎ,0,0,1
다른데가서,1,0,0
다른뜻이었어요,1,0,0
다른맛이고,1,0,0
다른분야라,1,0,0
다른분야로,1,0,0
다른사람이랑,1,0,0
다른아이네요,1,0,0
다른일,1,0,0
다른쪽으로,1,0,0
다른캐누,1,0,0
다를,2,0,0
다를거같아요,1,0,0
다를거같어,1,0,0
다를거에요,1,0,0
다름,5,0,0
다릅니다ㅠㅠ,1,0,0
다먹구와버령,0,0,1
다사다난했네요ㅋㅋㅋㅋㅋㅋ,0,0,1
다사지는,0,1,0
다양하게,1,0,1
다양하게들어요,1,0,0
다양하넼ㅋㅋ,1,0,0
다양하진,0,0,1
다양한,1,0,3
다양해요,0,0,1
다요트,1,0,0
다욧,1,0,0
다운돼요,1,0,0
다이나믹한,1,0,0
다이소,1,0,0
다이어트,4,0,0
다이어트되겠는데,1,0,0
다이어트용,1,0,0
다이어트의,1,0,0
다일록한,0,0,1
다자녀,1,0,0
다정한거같은,1,0,0
다좋아해요,1,0,0
다찼어,1,0,0
다채로운,1,0,0
다큐,1,0,0
다행,1,0,1
다행이구만,1,0,0
다행이군,0,0,1
다행이균,1,0,0
다행이네요,1,0,0
다행이다,1,0,1
다행이얌,0,0,2
다행이에요,2,0,0
다행이여,1,0,0
다행이잖아요,1,0,0
닥치는대로,0,0,1
단,2,0,0
단거,1,0,0
단거요,0,0,1
단게,1,0,0
단기간에,1,0,0
단단히,2,0,2
단맛,1,0,0
단맛없는,1,0,0
단백질,1,0,0
단순한,0,0,3
단아한,1,0,0
단위가,1,0,0
단유하고,1,0,0
단정하든지,0,1,0
단짠단짠,1,0,0
단짠의,1,0,0
단호박이네요,0,0,1
단호하가,1,0,0
단호하게,3,0,0
닫을때,1,0,0
닫힌,1,0,0
달거나,1,0,0
달겠어요,1,0,0
달고,2,0,0
달긴해,0,0,1
달다구리,2,0,0
달달,2,0,0
달달달,1,0,0
달달입니다,1,0,0
달달하게,0,0,1
달달하겠다,1,0,0
달달하구,1,0,0
달달하넹,1,0,0
달달하니,0,0,2
달달하면,1,0,0
달달한,1,0,0
달달해,2,0,1
달당,0,0,1
달라,13,1,0
달라ㅠㅠㅠㅠ,1,0,0
달라보여요,1,0,0
달라서,6,1,0
달라서ㅋㅋㅋ,1,0,0
달라요,13,0,1
달라요ㅋㅋ,1,0,0
달라져서,1,0,0
달라졌드라구요,1,0,0
달라지는,1,0,0
달라지실꺼에요,0,1,0
달라질듯ㅋㅋㅋㅋㅋㅋㅋㅋㅋ,0,1,0
달라질듯요,1,0,0
달라짐,1,0,0
달라집니다,1,0,0
달랐네,0,0,1
달랐어,1,0,0
달랐어요,1,1,0
달랐음,1,0,0
달려야한다,1,0,0
달아,1,0,0
달아보영,1,0,0
달아요,2,0,1
달어,0,0,2
달지,0,0,2
달진,0,0,1
달콤,1,0,0
달콤하게,1,0,0
달콤한,0,0,1
닭살카피,1,0,0
닮았어,1,0,0
닮았엉,1,0,0
닮음,1,0,0
담백할,1,0,0
답답한,0,0,1
답답함에서,1,0,0
답답해요,2,0,0
답답했음,1,0,0
답을,1,0,0
답정너당,1,0,0
답정너인데,1,0,0
당근,1,0,0
당당하게,0,0,1
당당함,0,0,1
당당해,0,0,1
당신,1,0,0
당신이네,1,0,0
당연한,0,0,1
당차서,1,0,0
당충전용이겠어요,1,0,0
당혹,1,0,0
당황해하면서,1,0,0
당황했겠는데요,1,0,0
대국민,1,0,0
대기순서가,0,0,1
대기업,2,0,0
대기업의,1,0,0
대단하세요,1,0,0
대단하셔요,1,0,0
대단하시더라구여,1,0,0
대단하신데요,2,0,0
대단하지,1,0,0
대단한,0,0,2
대단한녀석이짜나,0,0,1
대단해,2,0,0
대단해요,1,0,0
대단했다,1,0,0
대단혀,1,0,0
대단히,1,0,1
대도시,1,0,0
대돤ㅋㅋㄱㅋㅋ,1,0,0
대량으로,0,0,1
대머리,1,0,0
대박,17,0,1
대박까지는,1,0,0
대박나는거,1,0,0
대박디죠,1,0,0
대박요,1,0,0
대박을쳤러요,0,0,1
대박이구만,1,0,0
대박이군요,1,0,0
대박이네,1,0,0
대박이네요,3,0,0
대박이넹,1,0,0
대박이다,2,0,0
대박이더,1,0,0
대박이시네요,1,0,0
대박이야,2,0,0
대박이얌,1,0,0
대박이었어요,1,0,0
대박이에요,1,0,0
대박이였죠,1,0,0
대박이죠ㅠㅠ,1,0,0
대박이지,1,0,0
대박인거,3,0,0
대박인데요,0,0,1
대박임,1,0,0
대박적인,0,0,1
대박정보예요,1,0,0
대박쳤잖아요,1,0,0
대반전,1,0,0
대반전이얔ㅋㅋ,1,0,0
대배우감이에요,0,0,1
대봑ㅋㅋㅋ,2,0,0
대봑ㅠ,1,0,0
대사까지,1,0,0
대성공이었거든요,1,0,0
대세였죠,1,0,0
대식구,0,0,1
대실망해가지고,1,0,0
대실패,1,0,0
대용량을,1,0,0
대이동인데,1,0,0
대인배,1,0,0
대인배구나,1,0,0
대접해줘야함,1,0,0
대중이,1,0,0
대중적인,1,0,0
대청소했네ㅋ,1,0,0
대체되기,0,1,0
대체할,1,0,0
대충,1,0,0
대충먹었어요,1,0,0
대충이구먀,0,0,1
대파티를,1,0,0
대표곡이에요,1,0,0
대표친구맞네맞아,0,0,1
대학로,1,0,0
대형견,1,0,0
대형이넹,1,0,0
대화,0,0,1
대환영,1,0,0
대환장파티엿네,0,0,1
댄브구간으로,1,0,0
댄싱나인에,1,0,0
댕댕이임,1,0,0
더,8,0,2
더디겟지만,0,0,1
더러운,0,0,1
더러워,1,0,0
더럽구,1,0,0
더럽더라요,1,0,0
더빙,0,0,1
더울때,1,0,0
더울때는,1,0,0
더울때도요,0,0,1
더울때와서,1,0,0
더움,1,0,0
더워,2,0,0
더워서,1,0,0
더워써,1,0,0
더워요,2,0,1
더워요ㅋ,1,0,0
더워지기,1,0,0
더웠던거,1,0,0
더웠죠,1,0,0
더위먹은,1,0,0
덕심,1,0,0
덕후들,1,0,0
덕후들만,1,0,0
덤덤해요,1,0,0
덤벙대는데,1,0,0
덥구,1,0,0
덥구만유,0,0,1
덥네요ㅠ,0,0,1
덥다,0,0,1
덥수룩해서요,1,0,0
덥지,1,0,0
덥지도,1,0,0
데뷔초,1,0,0
데뷔초같은데,1,0,0
데뷔초때,1,0,0
데이트,1,0,1
데일리로,0,0,1
데일리요,1,0,0
도깨비같다구,1,0,0
도깨빈데,1,0,0
도달했냐,0,0,1
도도하신분들이야,0,0,1
도라방스,1,0,0
도라방스다,0,0,1
도라이,1,0,0
도라이로,1,0,0
도라이였어,1,0,0
도라이조ㅠ,0,0,1
도랏,1,0,0
도리님데리고,0,0,1
도보,1,0,0
도사,1,0,0
도시느낌이야,1,0,0
도시이죠,1,0,0
도움이,0,0,1
도졌다,0,0,1
도쿄라기,1,0,0
독고다이로,1,0,0
독립영화,1,0,0
독립이라고,0,1,0
독보입니다,0,0,1
독불장군,0,0,1
독서,1,0,0
독재,1,0,0
독재수준,1,0,0
독점이네요,1,0,0
독특하죠,0,0,1
독특했어요,1,0,0
독하다고ㅋㅋㅋㅋㅋㅋ,0,0,1
독하신데요,0,0,1
독학을,1,0,0
독해,1,0,1
독해서요,0,0,1
돈,1,0,1
돈그리야,1,0,0
돈낭비,1,0,0
돈덩이야,0,0,1
돈을,0,0,2
돌,1,0,0
돌고래가,0,0,1
돌댕이잖아,1,0,0
돌려돌려돌림판,0,0,1
돌발상황이엇네,1,0,0
돌아가기도,0,1,0
돌아갈수,0,1,0
돌아버린,1,0,0
돌아버린거,1,0,0
돌았다,1,0,0
돌은,1,0,0
동감,2,0,0
동감이에요,1,0,0
동감이지,1,0,0
동그란,1,0,0
동그란안경,1,0,0
동급,1,0,0
동남아,3,0,0
동남아날씨야,1,0,0
동네,1,0,0
동물농장이네요,1,0,0
동병상련이넼ㅋㅋㅋㅋ,1,0,0
동생이,0,0,1
동숲,1,0,0
동시에,1,0,0
동아오츠카,0,0,1
동안,1,0,0
동안인가보네,1,0,0
동요가,1,0,0
동의,1,0,0
동의합니다,0,0,1
동의해요,1,0,0
동지다,1,0,0
동호회는,1,0,0
돼냥이됏어,1,0,0
돼지,1,0,0
돼지인데,1,0,0
됐어요,0,1,0
되겠따,1,0,0
두근거리겟다,1,0,0
두근두근,1,0,0
두근두근하면서,1,0,0
두근두근해,0,0,1
두꺼운,1,0,0
두껍,1,0,0
두분,1,0,0
두피가까이까진,1,0,0
둘이,0,0,3
둘한데,0,0,1
둠칫,1,0,0
뒤돌았엌ㅋㅋㅋㅋㅋㅋㅋ,1,0,0
뒤로,1,0,1
뒤죽박죽이야,1,0,0
뒤집히잖아요,1,0,0
뒤쳐지진,0,0,1
뒷부분인거,1,0,0
뒷북,1,0,0
드라마,4,0,0
드라마가,1,0,0
드라마같더라,1,0,0
드라마같았죠,1,0,0
드라마광이에요,1,0,0
드라마보다,1,0,0
드라마틱한,0,0,1
드랍다,0,0,1
드럼이지,1,0,0
드림팀,1,0,0
드물,0,0,1
드물게,0,0,1
드물다고,0,0,1
드물다니까,0,0,1
드물어요,1,0,0
득템,2,0,0
득템이었어요,1,0,0
득템인데,1,0,0
득템하셨네요,2,0,0
득템했네,0,0,1
득템했네여,1,0,0
득템했어,1,0,0
득템했을거,1,0,0
든ㄷ는해요,1,0,0
든든,1,0,0
든든하게,3,0,1
든든하게드셨네요,1,0,0
든든하겟눈데뇨,0,0,1
든든하고만유,0,0,1
든든하네,0,0,1
든든하든데여,0,0,1
든든한,0,0,2
든든해요,3,0,0
든든행,1,0,0
듣는입장에서도,1,0,0
듣보아니면,1,0,0
들떠서,1,0,0
들러붙고,1,0,0
들어보니,0,0,1
듬뿍,1,0,1
듬뿍이예요,1,0,0
듬직한,0,0,1
등돌린케이스,1,0,0
등산이라,1,0,0
등짝에,1,0,0
디용이었겠는데욬ㅋㅋㅋ,1,0,0
디자이너같아,2,0,0
디자인들,1,0,0
디자인팀에서,1,0,0
디저트,1,0,0
디저트재질이에요,1,0,0
디지럴,1,0,0
디테일하시군여,0,0,1
딜레마,1,0,0
딥슬립,2,0,0
딥하고,1,0,0
딩초시절에,1,0,0
따닥따닥있네,1,0,0
따듯하더라고ㅋㅋ,1,0,0
따듯한거,1,0,0
따듯해,1,0,0
따뜻하게,6,0,0
따뜻하고,1,0,0
따뜻하도렁,0,0,1
따뜻한,1,0,0
따뜻한디,1,0,0
따라가다,1,0,0
따라오기는,0,1,0
따라쟁이다,1,0,0
따로,3,0,0
따로죠,1,0,0
따숩게,2,0,0
딱,10,0,6
딱딱,2,0,0
딱딱ㅠ,1,0,0
딱맞는,0,0,1
딱맞아서,1,0,0
딱맞음,1,0,0
딱맞추ㅜ서,1,0,0
딱이고,1,0,0
딱이구만,1,0,0
딱이네요,4,0,0
딱이야,1,0,1
딱이에요,0,0,1
딱이였는데용,0,0,1
딱이죠,1,0,0
딱인,1,0,0
딱인데요,4,0,0
딱인뎅,0,0,1
딱인듯,1,0,0
딱일,0,0,1
딴,1,0,0
딴놈이야,1,0,0
딴딴한,1,0,0
딴사람됨,1,0,0
딴사람임,1,0,0
딴세상이네,1,0,0
딴짓하기,1,0,0
딴판이네요,1,0,0
딴판이넹,1,0,0
딴판이라,1,0,0
딴판인,1,0,0
딴판인데요,1,0,0
딸기,1,0,0
딸기로,1,0,0
딸랑이에요ㅎㅎ,1,0,0
딸부자집ㅋㅋㅋㅋ,1,0,0
땀,1,0,0
땀나고,1,0,0
땀나면,1,0,0
땀이둘줄,0,0,1
땅땅,0,0,1
땅땅땅,1,0,0
때리고싶어,1,0,0
땡겨요,5,0,0
땡겼었는데,1,0,0
땡그래보여,1,0,0
땡기네요,1,0,0
땡긴당,1,0,0
땡길,1,0,0
땡길때가,1,0,0
땡큐,2,0,0
땡큐일걸,1,0,0
땡큐죠,1,0,0
땡큐지,1,0,0
땡큐지ㅋㅋㅋ,1,0,0
땡큔인데,1,0,0
떠나서,0,1,0
떠받들고,0,0,1
떠진당ㅎㅎㅎㅎ,0,1,0
떡볶이,1,0,0
떡상,1,0,0
떡상각인데,1,0,0
떡상이죠,1,0,0
떡이,1,0,0
떡칠하던가,1,0,0
떨려요,1,0,0
떨리네요,1,0,0
떨어지니까,0,1,0
떴다ㅋㅋ,1,0,0
떼창을ㅋㅋㅋ,0,0,1
또,2,0,0
똑,0,0,1
똑같고,3,0,0
똑같네,1,0,0
똑같네여,1,0,0
똑같네요ㅜ,1,0,0
똑같네욤,0,1,0
똑같넹ㅋㅋ,1,0,0
똑같다,2,0,0
똑같다고,1,0,0
똑같다는,1,0,0
똑같아,2,1,0
똑같아여,1,0,0
똑같아요,3,0,0
똑같아요ㅋㅋ,1,0,0
똑같았죠,1,0,0
똑같어요,1,0,0
똑같으세요,1,0,0
똑같으셔요,2,0,0
똑같으시네요,2,0,0
똑같은,3,0,0
똑같은더,1,0,0
똑같음,1,0,0
똑같이,3,0,0
똑같잖아요,1,0,0
똑걑아요,1,0,0
똑깥애,1,0,0
똑냥이죠,1,0,0
똑디들이다,1,0,0
똑똑들해,0,0,1
똑똑이였네,1,0,0
똑똑하고,1,0,0
똑똑하네요,0,0,1
똑똑하심,1,0,0
똑똑하지않냐,1,0,0
똑똑한,2,0,0
똑똑해,3,0,1
똑똑해요,1,0,0
똑똑해욬ㅋㅋ,1,0,0
똑소리,1,0,0
똑순이야,0,0,1
똥고집이라,0,0,1
똥꼬발랄ㅋㅋㅋ,1,0,0
똥꼬발랄해,0,0,1
똥만치우다,0,0,1
똥매너다,1,0,0
똥손이라,1,0,0
똥차,2,0,0
똬리를,0,0,1
뚝딱거려서,1,0,0
뚝딱뚝딱인뎅,1,0,0
뚝딱이얌,1,0,0
뚝딱인뎅,1,0,0
뚫려있어,1,0,0
뚫린게,0,1,0
뚱뚱하지,1,0,0
뚱보,1,0,0
뛰쳐나갔어,1,0,0
뜨거운,1,0,0
뜨겁ㅎ,1,0,0
뜨끈뜨끈,0,0,1
뜨끈뜨끈하게,1,0,0
뜨끈할때,1,0,0
뜨끔,1,0,0
뜨는,1,0,0
뜬,0,1,0
뜬금,1,0,0
뜰수있는,0,0,1
뜸,1,0,0
띠요용이야,1,0,0
띵띵부움,0,0,1
라노벨이라며,1,0,0
라디오,0,0,1
라떼는,1,0,0
랜덤,1,0,0
러버에요,1,0,0
러브,1,0,0
러블리,1,0,0
러블리하게생겻는데,1,0,0
러블리하군여,0,0,1
러블리한,0,0,1
럭셔리,1,0,0
럭키,3,0,0
럭키네옄ㅋㅋㅋㅋ신기해요,1,0,0
럭키당,1,0,0
럭키세요,1,0,0
럭키야,1,0,0
럭키였겠어요,1,0,0
럽스타야,1,0,0
레트로레요,1,0,0
로망이에요,3,0,0
로맨스,1,0,0
로보토미때,1,0,0
로컬,1,0,0
로판,1,0,0
루즈해요ㅋㅋ,1,0,0
리딩방,1,0,0
리를빗,0,0,1
리스펙이에요,1,0,0
리얼,1,0,0
리얼리티처럼,1,0,0
리얼하게,0,0,1
리틀임시완이잖아요,1,0,0
릴렉싱하는,0,1,0
마구마구찌더라고요,0,0,1
마니,3,0,0
마당냥이는,0,1,0
마당발,1,0,0
마동석,0,0,1
마라맛이던데,1,0,0
마른애엿는데,1,0,0
마름체질인데,1,0,0
마시쩡,1,0,0
마싯겟지,1,0,0
마약이얌,1,0,0
마약한거같오,0,0,1
마음,1,0,0
마음에,2,0,4
마음을,0,1,0
마음정화,1,0,0
마이너라,1,0,0
마이너스,1,0,0
마이너할,0,0,1
마이묵네잉,1,0,0
막,2,0,2
막걸리져,1,0,0
막둥이이시네요,1,0,0
막무가내ㅠㅠ,1,0,0
막아버렸어,1,0,0
막장,3,0,1
막장ㅋㅋㅋㅋㅋㅋ,1,0,0
막장을,1,0,0
막장의,1,0,0
막장이네,1,0,0
막장이다,1,0,0
막장이더라,1,0,0
막장이던데요,1,0,0
막장이라,1,0,0
막장이어서,1,0,0
막장이었자나,1,0,0
막장이에요,1,0,0
막장이죠,2,0,0
막장이죠ㅠㅠ,0,0,1
막장이지,1,0,0
막찬데,1,0,0
막힌거아냐,1,0,0
만,0,0,1
만개는,0,0,1
만개여,1,0,0
만능이네,1,0,0
만능이예요,0,0,1
만두,1,0,0
만만치,0,0,2
만사,0,0,1
만석,1,0,0
만약에,0,0,1
만족,1,0,0
만족스러눠,0,0,1
만족스러운,1,0,2
만족스러워,1,0,1
만족스러워요,0,0,2
만족스러웠어요,0,0,1
만족스런,0,0,1
만족스럽게,0,0,1
만족스럽습니다,0,0,2
만족스로움,1,0,0
만족이네요,0,0,1
만족이라,1,0,0
만족인데,1,0,0
만족중,1,0,0
만족중입니다,0,0,1
만족하며,0,0,1
만족하시며,1,0,0
만족해요,1,0,1
만족했거든요,1,0,0
만족했어,1,0,0
만화야구ㅋㅋ,1,0,0
많,2,0,0
많고,1,0,0
많구만,0,0,1
많구요,0,0,1
많구욬ㅋㅋ,1,0,0
많군,0,0,1
많네,1,0,1
많넹,1,0,0
많다,1,0,0
많다고,0,0,1
많다구요,0,0,1
많다잉,0,0,1
많당,4,0,0
많아,4,0,2
많아서,1,0,2
많아여,1,0,0
많아요,0,0,2
많아져서,1,0,0
많아져서요,1,0,0
많아졌어,1,0,0
많았어횻,0,0,1
많았엉,1,0,0
많았오,1,0,0
많았지,1,0,0
많았징,1,0,0
많앙,3,0,0
많으니까요,0,0,1
많으면,0,0,1
많은,0,0,1
많은데,1,0,1
많은뎅,2,0,0
많음,2,0,0
많이,58,0,23
많이나서,1,0,0
많이나왔어요,0,0,1
많이는,0,0,2
많이머거,1,0,0
많이봐요,0,0,1
많이아셔서,0,0,1
많이어ㅏ요,1,0,0
많이와요,0,0,1
많이왔잖아,1,0,0
많이요,0,0,3
많이인가요,0,0,1
많죠,1,0,2
많지,1,0,0
많지는,0,0,1
말,1,0,1
말끔하게,0,0,1
말똥말똥,0,0,1
말똥말똥한,0,0,1
말라서,1,0,0
말랐,1,0,0
말랑이,0,0,1
말랑콩떡들,1,0,0
말랑하지,1,0,0
말량쟁이에요,1,0,0
말렸는데,1,0,0
말아먹고,1,0,0
말짱,1,0,0
말짱하더라구,1,0,0
말짱함,1,0,0
말짱해요,0,0,1
맑았답니닷,0,0,1
맑은,0,0,1
맑음,0,0,1
맘대로,0,0,1
맘애들어,0,0,1
맘에,3,0,5
맘에드네,0,0,1
맘에드는,0,0,1
맘에들어,0,0,3
맘에들어용,1,0,0
맘에들었는데,1,0,0
맘에들오,0,0,1
맘에안들어요,1,0,0
맘이급해서,1,0,0
맛,6,0,0
맛나,4,0,2
맛나거든요,1,0,0
맛나게,2,0,5
맛나겠다,1,0,0
맛나겠어요,4,0,0
맛나고,0,0,1
맛나네요,0,0,1
맛나노,0,0,1
맛나단다,0,0,1
맛나대서요,1,0,0
맛나더라,1,0,0
맛나더라구요,0,0,1
맛나데,1,0,0
맛나보,1,0,0
맛나보여,1,0,0
맛나보임,1,0,0
맛나영ㅋㅋ,1,0,0
맛나요,5,0,0
맛나죠,1,0,0
맛나쥬ㅋㅋ,1,0,0
맛난,2,0,0
맛난거,1,0,0
맛난거만,1,0,0
맛난곳,1,0,0
맛날거같아요,1,0,0
맛남,1,0,1
맛남요ㅋㅋ,1,0,0
맛납니다,0,0,1
맛낫겟네요,1,0,0
맛낫어여,1,0,0
맛났어요,1,0,0
맛도,0,0,1
맛마,1,0,0
맛없게먹어,1,0,0
맛없네,1,0,0
맛없는,1,0,0
맛없는데,1,0,0
맛없더라고요,1,0,0
맛없었어요,1,0,0
맛없었어요ㅠㅠㅜ,1,0,0
맛없을수없는,1,0,0
맛없진,0,0,1
맛이,1,0,3
맛이ㅛ도랑,1,0,0
맛이게,0,0,1
맛이달라요,1,0,0
맛잇게,1,0,0
맛잇어,2,0,0
맛잇어요,2,0,0
맛잇잖아요,1,0,0
맛잇져,0,0,1
맛잇죠,1,0,0
맛잇지,1,0,0
맛있ㅇ요ㅎ,1,0,0
맛있거든요,0,0,1
맛있게,11,0,3
맛있게따,1,0,0
맛있게땅,1,0,0
맛있겟다,1,0,0
맛있겠군,0,0,1
맛있겠네요,6,0,0
맛있겠노,1,0,0
맛있겠는데,1,0,0
맛있겠는데요,2,0,0
맛있겠다,7,0,0
맛있겠다ㅠㅠ,1,0,0
맛있겠다ㅠㅠㅠ,1,0,0
맛있겠당,4,0,0
맛있겠따,1,0,0
맛있겠어요,8,0,1
맛있곗다,1,0,0
맛있고,2,0,0
맛있구요,0,0,1
맛있기를,1,0,0
맛있나보네요,0,0,1
맛있네요,0,0,2
맛있는,8,0,4
맛있는거,9,0,0
맛있는곳은,0,0,1
맛있는데,9,0,0
맛있는뎅,1,0,0
맛있는지,1,0,0
맛있다,1,0,0
맛있다고,1,0,0
맛있다고는,0,0,1
맛있다고요,1,0,0
맛있다는,1,0,0
맛있단다,0,0,1
맛있대요,1,0,0
맛있더라,5,0,1
맛있더라고요,1,0,0
맛있더라구,1,0,0
맛있더라구요,0,0,3
맛있던대,1,0,0
맛있습니다,1,0,1
맛있아보여오,1,0,0
맛있아요,1,0,0
맛있어,20,0,2
맛있어보여,1,0,0
맛있어보여요,3,0,0
맛있어보영,5,0,0
맛있어보이네,1,0,0
맛있어보이는뎅,1,0,0
맛있어서,3,0,0
맛있어요,38,0,7
맛있어요ㅋㅋㅋ,1,0,1
맛있어요ㅠㅠ,2,0,0
맛있어요ㅠㅠㅠㅠㅠㅠㅠㅠ,1,0,0
맛있어용,1,0,1
맛있었겠다,3,0,0
맛있었겠어요,3,0,0
맛있었는데,1,0,0
맛있었당,1,0,0
맛있었습니다,0,0,1
맛있었어,2,0,1
맛있었어요,7,0,1
맛있었어요ㅋㅋㅋ,1,0,0
맛있었엉,1,0,0
맛있었오,1,0,0
맛있었옹,1,0,0
맛있었을거,1,0,0
맛있었음,1,0,0
맛있었죠,0,0,2
맛있엉,1,0,0
맛있엉어엉ㅇ,1,0,0
맛있오,2,0,0
맛있오ㅠㅠㅠ,1,0,0
맛있을,6,0,1
맛있을것,3,0,0
맛있을것같아요,1,0,1
맛있을것같은데,1,0,0
맛있음,6,0,0
맛있잔항요,1,0,0
맛있잖아요,4,0,0
맛있잖아요ㅠ,1,0,0
맛있졍,1,0,0
맛있죠,26,0,1
맛있죠ㅠ,1,0,0
맛있죠ㅠㅠ,2,0,0
맛있죠ㅠㅠㅠㅠㅠㅠ,1,0,0
맛있쥐ㅠ,1,0,0
맛있쥐ㅠㅅㅠ,1,0,0
맛있쥬,1,0,0
맛있지,8,0,0
맛있지ㅠ,1,0,0
맛있지요,0,0,1
맛있지이이이이이,1,0,0
맛있진,0,0,1
맛잏음,1,0,0
맛잘알ㅠㅠㅠㅠㅠㅠ,1,0,0
맛잘알이다,1,0,0
맛잘알이세요,1,0,0
맛잘알이시네여,1,0,0
맛잘알이시네요,1,0,0
맛잘알이시네요ㅋㅋㅋ,1,0,0
맛잘알이시네요ㅠㅠ,1,0,0
맛잘알인데요,1,0,0
맛좋은,0,0,1
맛집,3,0,0
맛집많잖아요,1,0,0
맛집은,1,0,0
맛집이네,1,0,0
맛집이네요,1,0,0
맛집이랍니다,1,0,0
맛집이래,2,0,0
맛집이에요,1,0,0
맛집이에요면,1,0,0
맛집이였어,1,0,0
맛집인가봐요,1,0,0
맛집입니다,1,0,0
맛찐한,1,0,0
맛탱이,1,0,0
망가지고,0,1,0
망가진다면서요,1,0,0
망가짐,0,0,1
망고쟁이라,1,0,0
망븅했어요,1,0,0
망이네,1,0,0
망이야,1,0,0
망작인거,1,0,0
망침,1,0,0
망티알,1,0,0
망하거저,1,0,0
망하고,1,0,0
망한,1,0,0
망한곤,0,0,1
망한듯,2,0,0
망한애여서,1,0,0
망한적도,1,0,0
망함요,1,0,0
망해서,1,0,0
망했다,1,0,0
망했던데,1,0,0
망했어,2,0,0
망했어요,1,0,0
망했어요ㅠㅠ,1,0,0
망했죠ㅋㅋㅋㅋㅋ,1,0,0
맞고,2,0,0
맞네,1,0,0
맞네요,1,0,0
맞는,1,0,1
맞는데,1,0,0
맞는말같아요ㅋㅋㅋ감동적이고,1,0,0
맞는말이네,1,0,0
맞말,1,0,0
맞습니다,1,0,0
맞아,2,0,0
맞아요,3,0,0
맞아요ㅠㅠ,1,0,0
맞은편,1,0,0
맞을줄알아라,0,0,1
맞음,2,0,0
맞잖아,1,0,0
맞죠,1,0,0
맞추려면,1,0,0
맞춤형이네,1,0,0
맞춰지다보니,0,1,0
매끄럽고,1,0,1
매끈하네,1,0,0
매끈한거같아용,1,0,0
매너걸이네,1,0,0
매니아,1,0,0
매력,3,0,1
매력잇어여,1,0,0
매력있네요,1,0,0
매력있어요,1,0,2
매력있자나요,1,0,0
매력적이라,0,0,1
매력적이죠,1,0,0
매력적인건,0,0,1
매력적입니다,0,0,1
매력짱이에요,1,0,0
매력터져요,1,0,0
매력터집니다,1,0,0
매료되서,1,0,0
매복으로,1,0,0
매운,1,0,0
매운거,2,0,0
매운거에서,1,0,0
매운건,1,0,2
매운데,1,0,0
매운맛,1,0,0
매운맛매니아같지만,1,0,0
매운맛으로다가,0,0,1
매움,1,0,0
매워,1,0,0
매웡,1,0,0
매일,1,0,0
매탈남님,1,0,0
맥시멀리스트,1,0,0
맥주,1,0,0
맥주병이라서,1,0,0
맥주안주지,1,0,0
맨날,1,0,0
맵고수시네요,1,0,0
맵다고,1,0,0
맵대서,1,0,0
맵잖아,1,0,0
맵진,1,0,0
맵찔이라,1,0,0
맵찔이라서,1,0,0
맵찔이예요,1,0,0
맹탕,1,0,0
머네ㅠㅠ,1,0,0
머라했는데,1,0,0
머리,0,0,1
머리쓰는,1,0,0
머리아프지,1,0,0
머쓱하다,0,0,1
머임,1,0,0
먹거리도,0,0,1
먹고,2,0,1
먹고싶네요ㅠㅠ,1,0,0
먹고싶다는,1,0,0
먹고싶던데,1,0,0
먹고싶어요,2,0,0
먹구름에,1,0,0
먹구름이,1,0,0
먹구름인거얔ㅋㅋㅋㅋㅋㅋㅋㅋ웃겼어,1,0,0
먹기,1,0,0
먹박사시네요,1,0,0
먹방인거네,1,0,0
먹부림,0,0,1
먹어보고,1,0,0
먹어보고싶어요,1,0,0
먹어요,1,0,0
먹을걸로,1,0,0
먹을생각뿐이에요,1,0,0
먹잘알들,1,0,0
먹잘알이시군요,1,0,0
먹짱이자나,1,0,0
먼,0,0,3
먼곳에,0,0,1
먼지가,0,0,1
멀고,0,0,1
멀리,0,0,2
멀리떨어진,1,0,0
멀었습니다,1,0,0
멀지,1,0,1
멀지는,0,0,1
멀진,0,0,4
멀진않은곳에,0,0,1
멀진않지만,0,0,1
멀쩡,5,0,0
멀쩡그자체,1,0,0
멀쩡하더라구요,1,0,0
멀쩡하셨는데,1,0,0
멀쩡한,1,0,0
멀쩡합니다,0,0,1
멀쩡해,3,0,3
멀쩡해졌어요,1,0,0
멀쩡했어,0,0,1
멈추는건,0,1,0
멈춤,1,0,0
멉니다,0,0,1
멋들여지게,0,0,1
멋잇어요,1,0,0
멋있게,1,0,0
멋있고,2,0,0
멋있는뎅,1,0,0
멋있다,1,0,0
멋있더라구요,1,0,0
멋있쒀,1,0,0
멋있어,1,0,1
멋있어ㅠㅠㅠ,1,0,0
멋있어보여요,1,0,0
멋있어요,4,0,0
멋있어요ㅋㅋㅋ,1,0,0
멋있어용ㅎㅎ,1,0,0
멋있었단다,0,0,1
멋있었어요,1,0,0
멋있었을,1,0,0
멋있었조,1,0,0
멋있었죠,1,0,0
멋있오,1,0,0
멋있으세요,1,0,0
멋있으시네요,1,0,0
멋있으실듯,1,0,0
멋있죠,1,0,0
멋쟁이모녀신데요,1,0,0
멋져,3,0,1
멋져요,14,0,2
멋져요ㅋㅋㅋㅋㅋㅋ,0,0,1
멋졌어요,0,0,1
멋졍,2,0,0
멋지게,1,0,1
멋지고,2,0,0
멋지다,1,0,0
멋지다고,0,0,1
멋지더라고요,2,0,1
멋지더라구요,0,0,1
멋지던데용,0,0,1
멋지시네요,1,0,1
멋진,1,0,10
멋진ㅂ데,1,0,0
멋진데,1,0,0
멋진뎅,1,0,0
멋진자세야,0,0,1
멋질,1,0,0
멋질거야,0,0,1
멋질뻔,1,0,0
멋짐,2,0,0
멍때려야겠따,0,0,1
멍청이에요,1,0,0
메뉴,2,0,0
메뉴선정,1,0,0
메롱이네,1,0,0
메리트,1,0,0
메이저,1,0,0
메이저죠,1,0,0
메타버스로,0,1,0
멕이는데,1,0,0
멘붕이네,1,0,0
멸종하라고는,0,0,1
명곡,1,0,0
명곡이지,1,0,0
명대사인데,1,0,0
명반입니다,0,0,1
명소,1,0,0
명언,1,0,0
명언이다,1,0,0
명언이에요,1,0,0
명작이에요ㅠ,1,0,0
명작이에용,1,0,0
명작입니다bbb,1,0,0
명챵,1,0,0
명치쪽,1,0,0
명화,1,0,0
몇,0,0,1
몇년만에,1,0,0
몇백명,1,0,0
몇천,0,0,1
모녀간의,0,0,1
모독,1,0,0
모든,1,0,0
모르고,1,0,0
모르는,2,0,0
모르는게,0,1,0
모르는사람이긴한데,1,0,0
모범생의,1,0,0
모순덩어리랍니다,1,0,0
모순덩어리잖아,1,0,0
모순순,1,0,0
모태신앙러처럼,1,0,0
모태신앙처럼,1,0,0
모터돌린거지ㅋㅋㅋ,1,0,0
목막히더라,1,0,0
목아지가,0,0,1
목이버섯,1,0,0
몰라서ㅋㅋㅋㅋㅜ,1,0,0
몰랐네요,2,0,0
몰랐어,1,0,0
몰랐어요,1,0,0
몰랑몰랑,1,0,0
몰랑해요,1,0,0
몰럿다,1,0,0
몰리겠네,1,0,0
몰입감,1,0,0
몰입도,1,0,0
몰입중,1,0,0
몰입하지,1,0,0
몰입해서,2,0,0
몰폰하는더마냥,1,0,0
몸,0,0,1
몸무게,1,0,0
몸살을,0,0,1
몸서리,0,0,1
몸에,1,0,1
몸이,1,0,0
몸치에,1,0,0
몸치인데ㅠㅜ,1,0,0
몹쓸,0,0,1
못,3,0,1
못가게,0,0,1
못굽는,0,0,1
못됐ㅇ음,1,0,0
못된,0,0,1
못드시는,0,1,0
못말리쥬,0,0,1
못먹을,0,0,1
못먹음,2,0,0
못하는,1,0,0
못하는데,2,0,0
못하진않았다,0,0,1
못한건,0,0,1
못해가지구,1,0,0
못해서,1,0,0
못해요,1,0,0
못했다가,1,0,0
몽,1,0,0
몽환,2,0,0
묘한,0,0,1
무겁게,0,0,1
무겁진않어,0,0,1
무관심이예요,1,0,0
무교,1,0,0
무교야,1,0,0
무급인거지,1,0,0
무난,1,0,0
무난무난,1,0,0
무난쓰,1,0,0
무난한데,1,0,0
무난한듯,0,0,1
무난해요,0,0,1
무너졌어,0,1,0
무너지더라구요,1,0,0
무대포였는데ㅋㅋㅋㅋ,1,0,0
무대형,1,0,0
무더위예상,1,0,0
무도,1,0,0
무도에여ㅠㅠㅠㅠ,1,0,0
무도였어요,1,0,0
무도재질이었어요,1,0,0
무뚝뚝인데,1,0,0
무럭무럭,0,0,1
무례해,0,0,1
무료고,1,0,0
무료봉사네,1,0,0
무료예요,1,0,0
무료화됨,1,0,0
무릎냥이등데,1,0,0
무릎에도,1,0,0
무명이어서,1,0,0
무서운,1,0,4
무서울듯,1,0,0
무서울듯요,1,0,0
무서움,1,0,1
무서움ㅠㅅㅠ,1,0,0
무서워,0,0,1
무서워여,1,0,0
무서워요,3,0,0
무서워하면서,1,0,0
무서워해,1,0,0
무서웠어,1,0,0
무서웠어요,1,0,0
무섭,2,0,0
무섭게온다,1,0,0
무섭겠당,1,0,0
무섭고,1,0,0
무섭고만,0,0,1
무섭곸ㅋㅋㅋ,1,0,0
무섭네,1,0,0
무섭쥐,1,0,0
무섭지,1,0,0
무셔,1,0,0
무시,1,0,0
무의식이구먼,1,0,0
무임승차잖아요,1,0,0
무자비한,0,0,1
무장을,1,0,0
무장하구,1,0,0
무장해요,1,0,0
무적이에요,0,0,1
무지해서,1,0,0
무책임,1,0,0
무한도전같음ㅋㅋㅋㅋ,1,0,0
무한반복중,1,0,0
묵사발을,0,0,1
문과,2,0,0
문과긴,1,0,0
문과라,1,0,0
문과생이시군여,1,0,0
문과생이여요,1,0,0
문과생인데,1,0,0
문과예요,1,0,0
문과예요ㅋㅋㅋ,1,0,0
문과입니다ㅎㅎ,1,0,0
문구점,0,0,1
문외한,1,0,0
문외한이에요,1,0,0
문전성시엿자나ㅏ나나,1,0,0
문제된거잖아,1,0,0
문제인데,1,0,0
문학인같다,1,0,0
문화강국이네요,1,0,0
문화인이시네요ㅜㅜ,1,0,0
물,3,0,0
물냉파인데,1,0,0
물로,0,0,1
물리학과,1,0,0
물만났뜨아,0,0,1
물먹는,1,0,0
물바다였다면서요,1,0,0
물복이,0,1,0
물복파였는데,1,0,0
물복파입니다,1,0,0
물사과ㅠㅠ,1,0,0
물살이라서,1,0,0
물에,1,0,1
물은아님,1,0,0
물음표,1,0,0
물이,1,0,0
뭇,1,0,0
뭉실뭉실해졌어,0,0,1
뭐,1,0,2
뭐냐,1,0,0
뭐라하지,1,0,0
뭐라했어,1,0,0
뭔가,1,0,0
뭔지,1,0,0
뮤지컬,1,0,0
미국,1,0,0
미국맛,1,0,0
미국인이고,1,0,0
미끄러,0,0,1
미남같앳음,1,0,0
미니게임인듯,1,0,0
미니사이즈로,0,0,1
미니어처로,1,0,0
미드처럼,1,0,0
미드파거든여,1,0,0
미래지향적,1,0,0
미련도,0,0,1
미뤄두기의,1,0,0
미리,0,0,1
미모냥이겠어요,1,0,0
미미하지만요,0,0,1
미세하게,0,0,2
미스터리,1,0,0
미스트,1,0,0
미스트처럼,0,0,1
미식가덜,1,0,0
미안해,1,0,0
미약하고,0,0,1
미운,1,0,0
미워,1,0,0
미첬네,1,0,0
미쳐가네요,0,0,1
미쳐버린건,1,0,0
미쳐서,3,0,0
미쳐써요,1,0,0
미쳐요,1,0,0
미쳐있엇어,0,0,1
미쳣,1,0,0
미쳣어요,1,0,0
미쳤더라고,1,0,0
미쳤더라고요,0,0,1
미쳤죠,1,0,0
미춌오ㅋㅋㅋㅋ,1,0,0
미췬다ㅠ겁내이뻐ㅠ,1,0,0
미치겠다,0,0,1
미치죠,1,0,0
미치지,0,0,1
미친거같아,1,0,0
미친놈이네,0,0,1
미친다,0,0,1
미친듯이,0,0,1
미친미ㅣ친,1,0,0
미침,1,0,0
민감,1,0,0
민감한거예여,1,0,0
민망ㅠㅠ,0,0,1
민원감인데,1,0,0
민초단이거든요,1,0,0
민초단이야,1,0,0
민초단이에요,2,0,0
민초사랑단이시군여,1,0,0
민초파는,2,0,0
민초파시군요ㅋㅋ저는,1,0,0
민초파예요,1,0,0
민폐예요,1,0,0
밀당,1,0,0
밀도를,0,0,1
밀려있네,1,0,0
밀렸거든요옹,1,0,0
밀리고,1,0,0
밀어줬댐서요,1,0,0
밈,1,0,0
밋밋하거나,1,0,0
밍밍하면,1,0,0
밍밍한,1,0,1
밍밍햇어,1,0,0
및힌,0,0,1
밑으로,1,0,0
바가지야,0,0,1
바글바글,1,0,1
바글바글해서,1,0,0
바껴서,1,0,0
바꼇어요,1,0,0
바꼈던데,1,0,0
바꿔야하고,1,0,0
바뀌더라구여,1,0,0
바뀌엇겟네요,1,0,0
바뀌었어요,1,0,0
바뀌잖아요,1,0,0
바뀐건줄,0,0,1
바뀐둣,1,0,0
바다가,1,0,0
바닥이더군요,0,0,1
바닥이라,1,0,0
바닥쳤잖아,1,0,0
바닷속에,1,0,0
바람직,0,0,6
바람직하군,0,0,1
바람직하네,0,0,1
바람직하네요,0,0,2
바람직하당,0,0,1
바람직하시네요,1,0,2
바람직한,0,0,8
바람직한데,0,0,1
바람직함,0,0,1
바람직합니다,0,0,1
바람직합니다용,0,0,1
바람직해요,0,0,1
바람직행,0,0,1
바로,3,0,1
바로ㅔ,1,0,0
바르고,1,0,0
바른게,1,0,0
바른생활어른,1,0,0
바보같은,1,0,0
바보같은데,1,0,0
바보됐어요ㅜㅜ저번에,1,0,0
바보멍청이로,1,0,0
바보짓,1,0,0
바보천치,1,0,0
바빴겠네,1,0,0
바쁘게,1,0,0
바쁘겠고만,1,0,0
바쁘겠는데요ㅋㅋㅋㅋㅋ,1,0,0
바쁘더라구요,0,0,1
바쁘면,1,0,0
바쁘셨겠어요,0,0,1
바쁘셨죠ㅜ,1,0,0
바쁘시네,1,0,0
바쁘시잖아,1,0,0
바쁘죠,1,0,0
바쁜,0,0,2
바쁜가보넹,0,0,1
바쁜데,0,0,1
바쁜줄,1,0,0
바쁜하루였으,1,0,0
바쁠텐데,1,0,0
바삭,2,0,0
바삭바삭,2,0,0
바삭바삭해요ㅋㅋㅋㅋ,1,0,0
바삭하고,2,0,0
바삭하구,1,0,0
바삭하니,0,0,1
바삭한거,0,0,1
바삭해보여,1,0,0
바짝,0,0,2
박박,0,0,1
박박이네,1,0,0
박빙이네,0,0,1
박사시겠네요,1,0,0
박스로,0,0,1
박진감넘치더라구요,1,0,0
박찬욱,1,0,0
박혜경이랑,1,0,0
박혜경인줄ㅋㅋㅋㅋㅋㅋㅋ,1,0,0
밖에서,1,0,0
반가워요,2,0,0
반가웠어요ㅋㅋㅋㅋㅋㅋ,1,0,0
반갑습니당ㅎㅎ,1,0,0
반값도,1,0,0
반값이네,1,0,0
반대,3,0,0
반대가,1,0,0
반대군요ㅋㅋ,1,0,0
반대네요,6,0,0
반대네요ㅋㅋㅋ,1,0,0
반대는,1,0,0
반대라,1,0,0
반대라서,1,0,0
반대로,2,0,0
반대로수사한다고,1,0,0
반대시네요,3,0,0
반대야,1,0,0
반대에요,1,0,0
반대예요,1,0,0
반대예요ㅋㅋㅋ,1,0,0
반대인거,1,0,0
반대죠,1,0,0
반대편에,1,0,0
반대편이네요,1,0,0
반댄데ㅡㅡ,1,0,0
반모인가요,0,0,1
반성,1,0,0
반응이,0,0,1
반전,1,0,0
반전에,1,0,0
반전이다,1,0,0
반전이었어,1,0,0
반전이었어요,2,0,0
반전인뎈ㅋㅋㅋㅋ,1,0,0
반짝,1,0,1
반짝반짝함,1,0,0
반짝반짝해,0,0,1
반짝여서,0,0,1
반칙수준이죠ㅜㅜㅜ,1,0,0
반칙이야,1,0,0
반칙인데,1,0,0
반토막이래요,1,0,0
반하시지예,0,0,1
반한,1,0,0
반해버렸거든요,1,0,0
반해버렸어요,1,0,0
반해버렸잔ㄹ아요,1,0,0
반해서,2,0,0
반했거든오,1,0,0
반했걸랑요,1,0,0
반했는덷,1,0,0
반했던,1,0,0
반했던ㅋㅋㅋ,1,0,0
반했어,1,0,0
반했어요,1,0,0
발광을ㅜㅜ,0,0,1
발라드풍보다는,1,0,0
발랄,1,0,0
발랄한,1,0,0
발로하지만,1,0,0
발매도요,1,0,0
발목양말이를,1,0,0
발발이에요,1,0,0
발언같았어,1,0,0
발전,1,0,0
밝다,1,0,0
밝아보이지만,0,0,1
밝은,1,0,0
밤고구마,1,0,0
밤고구마긴한데,1,0,0
밤기차밖에없어서,1,0,0
밤낮뒤바뀜,1,0,0
밤새,0,0,1
밤에,1,0,0
밤이네,1,0,0
밤이야,1,0,0
밥,2,0,0
밥도둑,4,0,0
밥도둑ㅜㅜ,1,0,0
밥도둑이더라고용,1,0,0
밥도둑이옸겠어요,1,0,0
밥도둑이잖아요ㅋㅋ,1,0,0
밥도둑이죠,1,0,0
밥도둑임,1,0,0
밥맛,1,0,0
밥맛도,0,0,1
밥반찬,1,0,0
밥밥수니입니다,1,0,0
밥순이라서,1,0,0
밥조아,1,0,0
방구석여행러네,1,0,0
방구쟁이,1,0,0
방금,3,0,0
방망이로,0,0,1
방목,1,0,0
방방,1,0,0
방방곳곳에,0,0,1
방이,0,0,1
방치중이엇는데,1,0,0
방콕이예요,1,0,0
방탄,1,0,0
방탈출,1,0,0
밭,1,0,0
배가,0,1,0
배가불러가지고,0,0,1
배고파요,2,0,0
배고파요ㅠㅠ,1,0,0
배고파졌어요ㅠㅠㅠㅠ,1,0,0
배고팠구낭,0,0,1
배고프네,1,0,0
배고프네요,1,0,0
배고프징,1,0,0
배고픈,1,0,0
배고픔,1,0,0
배단,1,0,0
배달,1,0,0
배려쩔구예,0,0,1
배맛아이스크림,1,0,0
배부르게,2,0,1
배부르네요,0,0,1
배부르다,0,0,1
배부르당,1,0,0
배부를거같았어요,1,0,0
배불러,1,0,1
배불렁,1,0,0
배불르네,1,0,0
배뷰르징,1,0,0
배빵빵하게,1,0,0
배신당한,1,0,0
배신이고,1,0,0
배우신분,2,0,0
배운사람,1,0,0
배제하신다는,1,0,0
백종원,0,0,1
백지됐는지,1,0,0
백퍼,1,0,0
백합이었어,1,0,0
밷,1,0,0
밸로네,0,0,1
뱃살부자라,1,0,0
버닝했나바,1,0,0
버라이어티했었어요ㅋ,1,0,0
버릇없지,1,0,0
번개네,1,0,0
번역본으로,1,0,0
벌건거,1,0,0
벌구야벌구,0,0,1
벌벌,2,0,0
벌벌떨었어요,1,0,0
벌크업이,1,0,0
범생이였어,1,0,0
범죄,1,0,0
범죄가,1,0,0
벗겨지는건,0,1,0
벗겨진건아닌데,1,0,0
벚꽃,0,0,1
베라,1,0,0
베스트,0,0,1
베었당,1,0,0
베테랑이시네요,1,0,0
베프는,1,0,0
벼락치기요,1,0,0
벼락치기파에요,1,0,0
벼르다가,0,0,1
벽지까지,1,0,0
변덕스러워서,1,0,0
변명만,0,0,1
변태,1,0,0
변태들,1,0,0
변하는,0,1,0
변한거,1,0,0
변해서,1,0,0
변했습니다,0,1,0
별,1,0,1
별개,1,0,0
별것도아닌거,1,0,0
별로,7,0,1
별로긴,0,0,1
별로다,1,0,0
별로라서,1,0,0
별로야,1,0,3
별로에요,1,0,0
별로여서,1,0,0
별로엿어,1,0,0
별로였어,1,0,0
별로였어요,1,0,1
별로예요ㅋㅋ,1,0,0
별로인,0,0,2
별로임,0,0,1
별루,1,0,0
별루야,0,0,2
별루였겠다ㅠ,1,0,0
별미네요,0,0,1
별의,0,0,1
병도,1,0,0
병아리처럼,1,0,0
보고싶어,1,0,0
보고싶오,2,0,0
보기,0,0,2
보기조아ㅠ,0,0,1
보기조앙,0,0,1
보람찬,1,0,1
보람찼겠네요,1,0,0
보러가고싶어요,1,0,0
보물,1,0,0
보물이얌,1,0,0
보살님st,1,0,0
보소싶네요,1,0,0
보송보송,1,0,0
보송보송해,1,0,0
보양식이얌,1,0,0
보이면ㅋㅋ,0,1,0
보죠,1,0,0
보통이,0,0,1
복,1,0,0
복꿈,1,0,0
복받았죠,1,0,0
복불복이에여,1,0,0
복불복이에요,1,0,0
복붙으로,1,0,0
복슬복슬하고,1,0,0
복이죠,1,0,0
복잡한,0,0,1
볶아서,1,0,0
본격적으로,1,0,0
본격적으론,1,0,0
본격적이시네요,1,0,0
본격적이에요,1,0,0
본고장이더라고요,1,0,0
본새나고,1,0,0
본새킹,1,0,0
본죽박사시네요,1,0,0
볼것이,0,0,1
볼게,0,0,1
볼따구,1,0,0
볼만할듯,0,0,1
봄,1,0,0
봄날씨다,1,0,0
봄날아침같당,1,0,0
봄이네,2,0,0
봄이다,1,0,0
봄이야,1,0,0
봉긋흐게,1,0,0
봉쇄요,1,0,0
봐여겠다,1,0,0
봣죠,1,0,0
봤죠ㅠㅠㅠㅠ,1,0,0
부,1,0,0
부글부글,0,0,1
부끄럽네요,1,0,0
부담아니고,1,0,0
부담이,0,0,1
부드러울거같아요,1,0,0
부드러워ㅋㅋ,1,0,0
부드러워ㅜㅜ,1,0,0
부드러워서,1,0,1
부드러워요,1,0,0
부드러워져,0,0,1
부드럽잖아,1,0,0
부들부들해ㅋㅋ,1,0,0
부들부들해서,1,0,0
부랄친구요,1,0,0
부러운,1,0,0
부러운데,1,0,0
부러운데요,1,0,0
부러워,3,0,1
부러워요,14,0,2
부러워요ㅎㅎ,1,0,0
부러워요ㅠㅠㅠㅠㅠㅠ,1,0,0
부러워요ㅠㅠㅠㅠㅠㅠㅠㅠㅠ,1,0,0
부러워욕,1,0,0
부러워욥,1,0,0
부럽,3,0,0
부럽ㅋㅋㅋㅋㅋㅋㅋ,1,0,0
부럽ㅠ,1,0,0
부럽ㅠㅋㅋ,1,0,0
부럽군,0,0,1
부럽네,3,0,0
부럽네요,3,0,0
부럽노,1,0,0
부럽다,3,0,0
부럽다ㅠㅠㅠ,1,0,0
부럽다는,1,0,0
부럽닼ㅋㅋㅋㅋ,1,0,0
부럽더라,1,0,0
부럽습니다,1,0,0
부럽습니당,0,0,1
부르는대로,0,0,1
부산,1,0,0
부셔버려,0,0,1
부실,2,0,0
부실대학으로,1,0,0
부실부싱,1,0,0
부실하던데요,1,0,0
부어가지고,1,0,0
부업,1,0,0
부자로,1,0,0
부자잔아,1,0,0
부족하네,1,0,0
부족했는데,1,0,0
부지런,3,0,0
부지런맨,1,0,0
부지런오렌지,1,0,0
부지런인간,1,0,0
부지런하세요,1,0,0
부지런하시네요,1,0,0
부지런하신거죠,1,0,0
부지런한거,1,0,0
부지런히,1,0,0
부티크,1,0,0
북어,0,0,1
북적북적,0,0,1
북치고장구치고쌩쇼를한다,0,0,1
분내날때,1,0,0
분노함,0,0,1
분열이네,1,0,0
분위기,1,0,0
분위기ㅋㅋㅋㄱ,1,0,0
분위기가,0,0,1
분유값을,0,0,1
분통이,0,0,1
분해서,0,0,1
불가능인데,1,0,0
불국사이미지였는데,1,0,0
불규칙적인,1,0,0
불금이네,1,0,0
불룩,1,0,0
불만이많잖아,0,0,1
불면,1,0,0
불신해,1,0,0
불쌍하게,1,0,0
불쌍하지,1,0,0
불안,1,0,1
불친절하시네,1,0,0
불캐하다고,0,0,1
불편,1,0,0
불편한,1,0,0
불편해,0,0,1
불편했잖아,1,0,0
불호일것,1,0,0
불효녀네,1,0,0
불효자라그래서,1,0,0
붐비고,1,0,0
붙어서,2,0,0
브라질올림픽인줄알았어요,0,0,1
블라인드네여,1,0,0
블로거,0,0,1
블루오션이네요,1,0,0
블챌감인데ㅡㅡ,1,0,0
비,1,0,0
비가,1,0,2
비건은,1,0,0
비교도,1,0,0
비교됨,1,0,0
비누맛이에요ㅠ,1,0,0
비대면할때,1,0,0
비만,1,0,0
비몽사몽이었지,1,0,0
비법은,1,0,0
비상,1,0,0
비상하다고,0,0,1
비슷하면서,1,0,0
비슷하시네요,1,0,0
비슷하신데여,1,0,0
비슷한,0,0,1
비슷해,1,0,0
비슷해요,2,0,0
비슷했어,1,0,0
비실비실한데,1,0,0
비싸거나,1,0,0
비싸구,1,0,0
비싸더라,1,0,0
비싸보이네요,1,0,0
비싸요,0,0,1
비싸자나,1,0,0
비싸잔아,1,0,0
비싸잖아요,1,0,0
비싸죠,1,0,0
비싸죠ㅎ,1,0,0
비싸지,0,0,1
비싸진,0,0,1
비싼,0,0,1
비싼걸로,0,0,1
비싼곳이면,0,0,1
비싼티켓은,0,0,1
비쌀땤ㅋㅋㅋㅋㅋㅋㅋㅋ,0,0,1
비쌌고,0,0,1
비위생적인데서,1,0,0
비유ㅜ맞추느라,0,0,1
비정상인데,1,0,0
비지니스,0,0,1
비추,1,0,0
비추야,1,0,0
비추예요,1,0,0
비추진짜,1,0,0
비추천입니다ㅋㅋㅋㅋㅋㅋㅋㅋㅋㅋㅋㅋㅋㅋㅋㅋㅋㅋㅋㅋㅋㅋㅋㅋㅋㅋㅋㅋㅋㅋㅋㅋㅋㅋㅋㅋㅋ,0,0,1
비츄,1,0,0
비호감,1,0,0
비혼주의는,1,0,0
비효율,0,0,1
비효율적이라,0,0,1
빅데이터이네,1,0,0
빈속에,1,0,0
빈정상했는데,1,0,0
빙고,1,0,0
빙그르르,1,0,0
빙봉같아요ㅋㅋㅋㅋ,1,0,0
빠글빠글하게,0,0,1
빠듯하게,0,0,1
빠르게,7,0,0
빠르군,1,0,0
빠르네,3,0,0
빠르던뎅,1,0,0
빠르신가봐요,0,0,1
빠르지도,0,0,1
빠른데용,1,0,0
빠른뎅,4,0,0
빠방하게,2,0,0
빠삭,1,0,0
빠삭빠삭하니,0,0,1
빠삭하시네요,1,0,0
빠삭한데,1,0,0
빠져가지구,1,0,0
빠져나오기도,1,0,0
빠져드셨군요,1,0,0
빠져들었던,1,0,0
빠져들었어요,1,0,0
빠져들죠,1,0,0
빠져버려소,1,0,0
빠져버렸어요,3,0,0
빠져버림,1,0,0
빠져서,4,0,0
빠져요,1,0,0
빠져있던,1,0,0
빠져있어요,1,1,0
빠져있잖아요,1,0,0
빠졋,1,0,0
빠졌구만,0,0,1
빠졌네,1,0,0
빠졌어요,4,0,1
빠졌어요ㅎㅎ,2,0,0
빠졌었어요,1,0,0
빠진거죠,0,0,1
빡,0,0,1
빡ㅇ빡해요,0,0,1
빡돌아ㅋㅋㅋ나한테만,1,0,0
빡빡하대,0,0,1
빡빡한,1,0,0
빡세게,1,0,0
빡세고만,0,0,1
빡세요,1,0,0
빡세지않아요,1,0,0
빡센데,1,0,0
빡셔,1,0,0
빡시게,0,0,1
빡쳐서,1,0,0
빡치기,1,0,0
빡치네,1,0,0
빤짝빤짝,0,0,1
빨간거,1,0,0
빨간색,1,0,0
빨갛게,1,0,0
빨개졌어요,1,0,0
빨라,2,0,0
빨랐잖아,1,0,0
빨랑,6,0,0
빨리,17,0,0
빨리가지않아요,1,0,0
빨리오네,1,0,0
빨해,1,0,0
빱며들엇네,0,0,1
빵,2,0,0
빵빵씈ㅋㅋㅋ,1,0,0
빵빵하게,1,0,0
빵빵하고,1,0,0
빵빵해,0,0,1
빵수니,1,0,0
빵수니라서,1,0,0
빵순이,2,0,0
빵순이에여ㅋㅋ,1,0,0
빵순이에요,2,0,0
빵순이에요ㅋㅋ,1,0,0
빵순이에용ㅋㅋㅋㅋㅋㅋ,1,0,0
빵순이입니다,1,0,0
빵순인데,2,0,0
빵실빵실한데,1,0,0
빵점이라,1,0,0
빵집,1,0,0
빵터지던데,1,0,0
빵터짐,1,0,0
빼고,0,1,0
빼꼼하고,1,0,0
빼닮았다고,1,0,0
빼박,1,0,0
빼박인게,1,0,0
빼지,1,0,0
뻐근하네,1,0,0
뻔뻔한데,1,0,0
뻔하고,0,0,1
뻗어,1,0,0
뻗어서,1,0,0
뻗어잤어요,1,0,0
뻗었어요,1,0,0
뻗음,1,0,0
뻗치는,1,0,0
뻣뻣이거든요,1,0,0
뻣뻣한데,1,0,0
뻥,1,0,0
뼈때리네ㅋㄱㄲ,1,0,0
뼈때리시네요,1,0,0
뼈를,1,0,0
뼈맞았습니다,1,0,0
뽀또맛,1,0,0
뽀송뽀송하게,0,0,1
뽀얗네,1,0,0
뽀짝하다,1,0,0
뽈또그리해,0,0,1
뽈뽈뽈,0,0,1
뽐쀼,1,0,0
뽕뽑으셨네요,1,0,0
뽕을,0,0,2
뿅감,1,0,0
뿌듯,1,0,0
뿌듯하겠당,1,0,0
뿌듯하군,0,0,1
뿌듯하군여,0,0,1
뿌듯하네요,0,0,1
뿌듯하죠,1,0,0
뿌듯하지,1,0,0
뿌듯하지요,1,0,0
뿌듯한,0,0,2
뿌듯해,1,0,0
뿌듯해요,2,0,0
뿌듯해해,0,0,1
뿌듯해해도돼,1,0,0
뿌듯했엉요,0,0,1
뿌듯행,0,0,1
뿌실ㄹ게,0,0,1
뿌옇다던데,0,0,1
삐둘어지는,1,0,0
삐졌는데,3,0,0
삐죽해졋거든,1,0,0
사겨,1,0,0
사고뭉치처럼,1,0,0
사고싶어,0,0,1
사고싶어요,1,0,0
사고싶음,1,0,0
사골고아먹었다고,0,0,1
사골국같구요,1,0,0
사기,1,0,0
사기같아여ㅠ,1,0,0
사기결혼각,1,0,0
사기꾼이라면서요,1,0,0
사기당한,1,0,0
사기여서,1,0,0
사기일것같은데,1,0,0
사기조합,1,0,0
사라졌나요,1,0,0
사라졌는데,1,0,0
사라지긴,0,1,0
사라지는,0,1,0
사라지면,1,0,0
사라짐,0,1,0
사람,1,0,0
사람같아요,1,0,0
사람같았어요,1,0,0
사람들이,0,0,2
사람에,1,0,0
사람을,0,0,2
사람이,1,0,0
사람이구만ㅋ,1,0,0
사람이다,1,0,0
사랑,4,1,0
사랑가득한,0,0,1
사랑가득해보여,1,0,0
사랑둥이에요,2,0,1
사랑래요,1,0,0
사랑받고,0,0,1
사랑스러움,1,0,0
사랑스러웡,1,0,0
사랑스럽죠,1,0,0
사랑스럽지,1,0,0
사랑에서,1,0,0
사랑의,1,0,0
사랑하게,1,0,0
사랑하구,1,0,0
사랑하는데,0,0,1
사랑하는데ㅠㅠㅋㅋㅋ,1,0,0
사랑하시는걸로,0,0,1
사랑하잔아,1,0,0
사랑하죠,2,0,1
사랑하쥬,1,0,0
사랑하지,1,0,0
사랑합니다,4,0,0
사랑해,4,0,0
사랑해서,1,0,0
사랑해요,14,0,0
사랑해요ㅎㅎ,1,0,0
사랑했는데요,1,0,0
사랑행,1,0,0
사룽해,1,0,0
사리가,0,0,1
사먹은적,1,0,0
사무직,1,0,0
사바사인거같더라구요,1,0,0
사사로운,0,0,1
사소한거에서,0,0,1
사실만,1,0,0
사알짝,0,0,1
사이,0,0,1
사이가,1,0,0
사이다,1,0,0
사이다지,0,0,1
사이버,1,0,0
사이버대학이죠,1,0,0
사이코패스,1,0,0
사짜구만,0,0,1
사탕해줄게,1,0,0
삭막하고,1,0,0
삭막합니다ㅜㅜ,0,0,1
삭제,1,0,0
삭제하고,1,0,0
삭퓸ㅇ야,1,0,0
산,1,0,0
산골에,1,0,0
산속,1,0,0
산속에,1,0,0
산책의길로,1,0,0
산택인듯,1,0,0
살,1,0,0
살거,0,0,1
살러,0,1,0
살림꾼이얌,1,0,0
살림만랩이시겠어요,1,0,0
살만해,0,0,1
살이,2,0,0
살짝,1,0,14
살짝만,0,0,1
살짝이야,0,0,1
살짝이어도,0,0,1
살짝이요ㅠ,0,0,1
살쪄서,1,0,0
살찌는,1,0,0
살찌는행동만ㅋㅋㅋ,1,0,0
살찐,1,0,0
살판났드만ㅡㅡ,0,0,1
삶의,1,0,0
삶의질,1,0,0
삼겹살,1,0,0
삼위일체네요,0,0,1
상견례,1,0,0
상관없더라,1,0,0
상극이네요,1,0,0
상남자,1,0,0
상남자스타일,1,0,0
상남자시네요,1,0,0
상담이며,0,0,1
상담쪽은,1,0,0
상대방중심적이잖아,1,0,0
상머스마,1,0,0
상반된,1,0,0
상뵨태야,1,0,0
상상,1,0,0
상상도,1,0,0
상상되는,1,0,0
상상이,1,0,0
상위권이었어요,1,0,0
상위는,1,0,0
상전이더라구,0,0,1
상처받았다는데요,1,0,0
상콤달콤이네요,1,0,0
상쾌ㅏ게,0,0,1
상쾌하겠구마잉,0,0,1
상큼하겠네요,1,0,0
상타취인거처럼,1,0,0
새,2,0,0
새거,3,0,0
새거네요,1,0,0
새거는,0,1,0
새거상태,1,0,0
새거야,1,0,0
새거에여,1,0,0
새거인데,1,0,0
새것,1,0,0
새것ㅎㅎ,1,0,0
새겨들어야,2,0,0
새까맣게,1,0,0
새내기ㅎㅎ,1,0,0
새됐어,0,1,0
새드소설이냐고,1,0,0
새로,1,0,0
새로운,4,1,0
새로워,1,0,0
새벽에했잠ㅎ아,1,0,0
새상품,1,0,0
새집,1,0,0
새집만들어줬는데,1,0,0
새차네,1,0,0
새침하더라고요ㅋㅋㅋ,0,0,1
새카맣게,1,0,0
새콤달콤,0,0,1
새폰,0,0,1
새폰이잖아여,1,0,0
새하얘,1,0,0
새학교로,1,0,0
색깔,1,0,0
색달랐을것같아요,1,0,0
색시,0,0,1
샘플이랑,1,0,0
생,1,0,1
생각,2,0,0
생각도,1,0,1
생각도못하는,1,0,0
생각만,1,0,0
생각짧은사람만들어,1,0,0
생고기,1,0,0
생머리,1,0,0
생생하고,0,0,1
생생한면,1,0,0
생생허구먼,0,0,1
생소하신가보네요,1,0,0
생얼,1,0,0
생일잔치,1,0,0
생쥐됐었어요,1,0,0
생초보,1,0,0
생초짜라ㅎ,1,0,0
샤르륵,1,0,0
샤브샤브,2,0,0
샤브샤브예요ㅋㅋㅋㅋㅋㅋ,1,0,0
샴푸부자네여,1,0,0
서글서글,0,0,1
서늘하잖아요,1,0,0
서럽ㅋㅋㅋ,1,0,0
서럽지,1,0,0
서로를,0,1,0
서비스직이에요,1,0,0
서양요리같아,1,0,0
서양인들이,1,0,0
서운하다고,1,0,0
서운해요,0,0,1
서프라이즈네,1,0,0
선,1,0,0
선망의,1,0,0
선명하겐,1,0,0
선명하네,0,0,1
선명하더라구요,0,0,1
선명한,0,0,1
선방,1,0,0
선비말투는,1,0,0
선선,2,0,0
선선하고,1,0,0
선선하더라구요,1,0,0
선선하지,1,0,0
선선해요,2,0,0
선선해졌어,1,0,0
선을,0,0,1
선전했지,1,0,0
선택인,1,0,0
설레겠어요,1,0,0
설레는,1,0,0
설레잔아요,1,0,0
설레죽지,1,0,0
설렜습니다,0,0,1
설명,1,0,0
설사는,1,0,0
설잠,1,0,0
설탕을,0,0,1
섬세한양반이예요,0,0,1
섭렵하고,1,0,0
섭섭했겠다,1,0,0
섭섭했답니다,0,0,1
성격이,1,0,2
성공,1,0,1
성공적이신데요,1,0,0
성공적이었어,0,0,1
성공적이었어요,1,0,0
성공하셨네요,1,0,0
성공하셨어요,1,0,0
성공한,1,0,0
성공한거지,1,0,0
성공할,1,0,0
성공해서,1,0,0
성공했네요,1,0,0
성덕이더라,1,0,0
성수기라,1,0,0
성수기를,1,0,0
성숙미가,1,0,0
성실하게,1,0,0
성실하고,0,0,1
성실하군,0,0,1
성실하셔서,1,0,0
성실히,1,0,0
성의,1,0,0
성인이네요,1,0,0
성장한,0,0,1
성추행,1,0,0
성취감,1,0,0
세게,1,0,1
세게넘어젹나보네,1,0,0
세계,2,0,0
세계관이,1,0,0
세구만,1,0,0
세꼬시파라,1,0,0
세뇌당하기,0,1,0
세뇌되기,0,1,0
세대차이,1,0,0
세라믹이,1,0,0
세련된,1,0,0
세보였는데,1,0,0
세상천하,0,0,1
세세하게,0,0,1
세세하네,1,0,0
세세히,1,0,0
세신가봐요,1,0,0
세트로,1,0,0
세트로는,1,0,0
센가봐요,1,0,0
센데,1,0,0
센세이션,1,0,0
센스,1,0,0
센스가,0,0,1
센스쟁이셔요,1,0,0
센스쥉,1,0,0
센티멘털,1,0,0
셀럽이네,1,0,0
셀프,0,0,1
소그노,1,0,0
소꿉,0,0,1
소나기,1,0,0
소나기처럼,1,0,0
소녀소녀하고,1,0,0
소도시에,1,0,0
소량으로,0,0,1
소룸돋죠,1,0,0
소름,3,0,0
소름끼쳤어요,1,0,0
소름돋아요,1,0,0
소름이,1,0,0
소름이었어요,1,0,0
소름이었음,1,0,0
소리,2,0,0
소리가,0,0,1
소멸,1,0,0
소몰이,0,0,1
소문이,0,0,1
소박한,0,0,1
소비자,1,0,0
소소하게,1,0,0
소소한,0,0,1
소속사,1,0,0
소수과나,1,0,0
소심,1,0,0
소심마루네,1,0,0
소심해서,1,0,0
소액이지만,0,0,1
소울메이트였는데,1,0,0
소울푸드,2,0,0
소울푸드걸랑요,1,0,0
소울푸드잖아요,1,0,0
소중,1,0,0
소중하죠,1,0,0
소중한,1,0,0
소중히,0,0,1
소태라고,1,0,0
소풍ㅁㅔ뉴네,1,0,0
속,1,0,0
속내가,0,0,1
속도가,0,0,1
속버리는데,1,0,0
속상해요,0,0,1
속세의,1,0,0
속았네,1,0,0
속을,0,0,1
속이,0,0,2
속전속결이네,1,0,0
손,1,0,0
손놓고,1,0,0
손님대접,1,0,0
손닦으려는데,0,0,1
손바닥,0,0,1
손바닥만할때부터,1,0,0
손에,1,0,1
손오공됫음,1,0,0
손절했는데,1,0,0
손해고,1,0,0
손해임다,0,0,1
손호준파라고,1,0,0
솔깃한데,0,0,1
솔깃함,0,0,1
솔솔ㅋ기,0,0,1
솜사탕ㅎㅎ,1,0,0
솜사탕같을거같아요,1,0,0
솜사탕이에요ㅎㅎ,1,0,0
쇼크에요,1,0,0
쇼핑왕이네요,1,0,0
수누이,1,0,0
수동식,1,0,0
수두루빽빽,0,0,1
수렁,1,0,0
수를,0,0,1
수많은,0,0,1
수박,2,0,0
수박이랑,1,0,0
수분,1,0,0
수사물,1,0,0
수산물,1,0,0
수상함,0,0,1
수제구만,1,0,0
수직상승이죠,1,0,0
수치스럽고,0,0,1
수포자여서,1,0,0
수학,1,0,0
숙연해저벼렸어요,1,0,0
숙이언니,1,0,0
순금으로,1,0,0
순댕천사강쥐자나,1,0,0
순둥이,0,0,1
순딩이에요,2,0,0
순딩이죠,1,0,0
순박한,1,0,0
순삭이었따,1,0,0
순삭이였죠,1,0,0
순삭이잖아요,1,0,0
순서,1,0,0
순서대로,1,0,0
순식간에,2,0,0
순식간이라고,1,0,0
순식간인뎅,1,0,0
순정,1,0,0
순진했죠,1,0,0
순한,1,0,0
순한맛에,0,0,1
순함,1,0,0
순해가지고ㅠㅠ,1,0,0
순했졐ㅋㅋㅋㅋㅋㅋㅋㅋㅋㅋㅋ,1,0,0
순화,1,0,0
술꾼,0,0,1
술독에,0,0,1
술술넘어가더라고요,0,0,1
술안주네용,1,0,0
술안주로,1,0,0
술안주인데,1,0,0
술안주지,1,0,0
술안주지ㅋㅋㅋㅋ,1,0,0
술이,1,0,0
술주정뱅이자나요,0,0,1
숨어서,1,0,0
숨어잇군,0,0,1
숨죽이는,1,0,0
숲속,1,0,0
쉩,1,0,0
쉬기,1,0,0
쉬는게,0,1,0
쉬어도,1,0,0
쉬운,1,0,1
쉬울듯,0,0,1
쉬워서,0,0,1
쉬워여,0,0,1
쉬워요,1,0,0
쉬웠답니다,0,0,1
쉬웠어요ㅋㅋ,1,0,0
쉴틈없게,0,0,1
쉽게,0,0,1
쉽다구,1,0,0
쉽당,1,0,0
쉽죠,1,0,1
쉽지,2,0,0
슉슉감,1,0,0
슌항중,0,0,1
슝슝,1,0,0
스낵류,1,0,0
스릴,2,0,0
스마트폰은,1,0,0
스마트홈으로,1,0,0
스무고개도,0,0,1
스엠파뤼,1,0,0
스쳐가게,0,0,1
스케줄이,0,0,1
스콜성기후,1,0,0
스타됏네,1,0,0
스탠다드한데,1,0,0
스토리,3,0,0
스토리가,0,0,1
스톱이죠,1,0,0
스트레스,2,0,2
스트레스ㅠㅜ,1,0,0
스트레스다,0,0,1
스트레스받았었죠,0,0,1
스트레스시겠다,1,0,0
스트레스예요,1,0,0
스트릿만,1,0,0
스트릿입니다,1,0,0
스파르타네,1,0,0
스펀지에여,1,0,0
스펙타클해지거든요,0,0,1
스포츠,1,0,0
슬랙처럼,1,0,0
슬프다,2,0,0
슬프다ㅠ,1,0,0
슬프도,1,0,0
슬픈,1,0,2
슬픈스토리야,0,0,1
슬플테지,0,0,1
슴슴한,1,0,0
슴슴한데,1,0,0
습하거나,1,0,0
습하겠다,1,0,0
습해졌습니다,1,0,0
시간,3,0,0
시간과,1,0,0
시간아깝기도,1,0,0
시간을,0,0,1
시간표,1,0,0
시골,2,0,0
시골똥개같아,2,0,0
시골이구나,1,0,0
시골인데,1,0,0
시골체질이여,0,0,1
시금치였었는데,1,0,0
시기적절,1,0,0
시껍,0,0,1
시끄러,0,0,1
시끄러워죽겠어,0,0,1
시끌벅적하죠ㅎㅎ,0,0,1
시끕한,1,0,0
시내네ㅜㅜ,1,0,0
시러,1,0,0
시러요,1,0,0
시러행,1,0,0
시르다,1,0,0
시름,1,0,0
시름ㅋㅋㅋㅋ,1,0,0
시어머니,1,0,0
시원달달,1,0,0
시원시원,1,0,0
시원하게,1,0,2
시원하겠구려,0,0,1
시원하겠어요,1,0,0
시원하구,1,0,0
시원하대요,0,0,1
시원하더라구요,1,0,0
시원한,1,0,0
시원한데,1,0,0
시원한듯,1,0,0
시원함,1,0,0
시원합니다,0,0,1
시원해,2,0,0
시원해앳,1,0,0
시원해요,1,0,3
시원행,1,0,0
시장통,1,0,0
시장통이겠다,1,0,0
시즌끝쯤에,1,0,0
시커멓게,1,0,0
시크하시군요,0,0,1
시트콤ㅎㅎㅎㅎ,1,0,0
시트콤재질이던에,1,0,0
식겁했다,1,0,0
식겁했어요,1,0,0
식단관리,1,0,0
식성,1,0,0
식품이라고,1,0,0
식품이조,1,0,0
신개념이네요,1,0,0
신경거슬려서,0,0,1
신경쓰이겠어요ㅜ,1,0,0
신기,11,0,0
신기ㅋㅋㅋㅋㅋㅋ,1,0,0
신기ㅋㅋㅋㅋㅋ책,1,0,0
신기ㅋㅋㅋㅋ씻고,1,0,0
신기ㅠㅅㅠ,1,0,0
신기방기,3,0,0
신기방기ㅋㅋㅋ,1,0,0
신기방기하구만,0,0,1
신기하겠다ㅋㅋㅋㅋ,1,0,0
신기하고만,0,0,1
신기하네,1,0,0
신기하네요,6,0,0
신기하네용ㅋㅋㅋㅋㅋㅋ,1,0,0
신기하다,3,0,0
신기하당,3,0,0
신기하닼ㅋㅋ,1,0,0
신기하지,1,0,0
신기한,2,0,0
신기한경험이였겠어요,1,0,0
신기할것같은ㅋㅋㅋㅋㅋ,1,0,0
신기해,2,0,0
신기해ㅋㅋㅋ,2,0,0
신기해ㅋㅋㅋㅋㅋ,1,0,0
신기해ㅜㅠㅠㅠㅠ,1,0,0
신기해요,5,0,0
신기해요ㅋㅋㅋㅋ,1,0,0
신기했던,1,0,0
신기했어요,2,0,0
신기했어요ㅋㅋㅋㅋ,1,0,0
신기행,7,0,0
신기햤오,1,0,0
신기허네요,1,0,0
신나,0,0,2
신나가지고,1,0,0
신나게,2,0,4
신나겠구먼,1,0,0
신나겠네,0,0,1
신나겠다,1,0,1
신나겠어요ㅋㅋ,1,0,0
신나네요,2,0,0
신나는,2,0,1
신나는구만요,1,0,0
신나보이네요,0,0,1
신나서,0,0,1
신나셨네ㅋㅋㅋ,0,0,1
신나요,1,0,0
신나졌어,1,0,0
신난다고,1,0,0
신날,1,0,0
신날거같아요,1,0,0
신남,1,0,0
신남요,1,0,0
신났겠네요,0,0,1
신났겠어,0,0,1
신났네,1,0,0
신났넼ㅋㅋㅋㅋ,0,0,1
신났다,0,0,1
신났어,1,0,0
신났어요,1,0,1
신났었어요,1,0,0
신났지,1,0,1
신낭,1,0,0
신뢰도,0,1,0
신메뉴네,1,0,0
신문물,1,0,0
신박해요ㅋㅋㅋㅋㅋ,1,0,0
신발,1,0,0
신봉자,1,0,0
신봉자가,1,0,0
신부님,1,0,0
신분상승이에요,1,0,0
신사적으로,0,0,1
신상,0,0,1
신생아때는,1,0,0
신생아때부터,1,0,0
신생아라서,1,0,0
신생아를,1,0,0
신선놀음이,0,0,1
신선하겠다,1,0,0
신선하고,2,0,0
신선하네,0,0,1
신선하네요,1,0,0
신세계,6,0,0
신세계네,1,0,0
신세계를,1,0,0
신세계야,1,0,0
신세계였는데,1,0,0
신세계였죠,1,0,0
신세계의,1,0,0
신세대시네용,1,0,0
신식이야,0,0,1
신실하시죠,0,0,1
신인,1,0,0
신인들,1,0,0
신인들이,1,0,0
신작으로,1,0,0
신적인,1,0,0
신혼,0,0,1
신혼부부가,1,0,0
신혼이시네ㅋㅋㅋㅋ,1,0,0
신혼이시네요,1,0,0
신화에,1,0,0
실내,1,0,0
실내스포츠라,1,0,0
실력,1,0,0
실력파,0,0,1
실망,3,0,0
실망ㅋㅋㅋ,1,0,0
실망스러웠어요,0,0,1
실망이,0,0,1
실망이다,0,0,1
실망했어욬ㅋㅋㅋ,1,0,0
실용영어,1,0,0
실용적인,1,0,0
실용파거든요,1,0,0
실컷,0,0,1
실컷잤어요ㅎㅎㅎ,0,0,1
실패,4,0,0
실패다,1,0,0
실합니다,0,0,1
실합니더,0,0,1
실험이,1,0,0
싫네요,1,0,0
싫어,5,0,0
싫어오ㅠㅠ,1,0,0
싫어요,2,0,0
싫어요ㅠㅠ,1,0,0
싫어하걸라요,1,0,0
싫어하고,1,0,1
싫어하는거,1,0,0
싫어하는데,2,0,0
싫어하시지,2,0,0
싫어합니다,1,0,0
싫어해,2,0,0
싫어해서,1,0,0
싫어해서요,0,0,1
싫어해요,5,0,0
싫은,1,0,0
싫음,3,0,0
싫죠,1,0,0
싫지,1,0,0
심각쓰,0,0,1
심각하게,1,0,0
심각하다는데,1,0,0
심각한,2,0,1
심각혀,0,0,1
심금을,0,0,1
심수련,1,0,0
심술,0,1,0
심장,0,0,1
심장쫄려ㅋㅋㅋ,1,0,0
심장터질뻔했자나,1,0,0
심쿵,1,0,0
심하게,3,0,3
심하게도했는데,0,0,1
심하고,1,0,0
심하네,1,0,0
심하넹,1,0,0
심하지는,0,0,1
심하진,0,0,1
심한,2,0,2
심해서,1,0,0
심해직ㅎ,1,0,0
심해질,1,0,0
심했는데,0,0,1
심했지,1,0,0
심했지ㅋㅋㅋ,1,0,0
심행,1,0,0
심히,0,0,1
심히게,0,0,1
싱거웠어,0,0,1
싱그럽,1,0,0
싱글,0,0,1
싱싱,1,0,0
싱싱하고,2,0,0
싱싱하구나,0,0,1
싱싱해서,1,0,0
싸게,7,0,1
싸고,1,0,0
싸그리,0,0,1
싸네,1,0,0
싸다,2,0,0
싸다ㅠ,1,0,0
싸롱해,1,0,0
싸불하는중,1,0,0
싸악,0,0,1
싸요,1,0,0
싸이월드에서,1,0,0
싸이코,1,0,0
싸지,1,0,0
싸했음,1,0,0
싹다,0,1,0
싹싹,0,0,1
싹을,0,0,1
싹이구만,0,0,1
싹이지,1,0,0
싼,1,0,0
싼값에,1,0,0
싼거야,1,0,0
싼거였어,1,0,0
싼건,0,0,1
싼데,1,0,0
쌀,1,0,0
쌀국수,2,0,0
쌀국수가,1,0,0
쌀국수각이에요,1,0,0
쌀쌀,2,0,0
쌀쌀해,1,0,0
쌀쌀해요,2,0,0
쌈,1,0,0
쌉,1,0,0
쌍저질,1,0,0
쌔게,1,0,0
쌤이,0,0,1
쌩,2,0,1
쌩머리ㅋㅋㅋㅋㅋ,1,0,0
쌩쌩,1,0,0
쌩쌩돌아감,1,0,0
쌩쌩해요,0,0,1
쌩초보에요,1,0,0
썩,0,0,1
썩더라구요,0,0,1
썸이니,0,0,1
쎄서,1,0,0
쎔,2,0,0
쏙들어,0,0,1
쏙속들어와요,0,0,1
쏟아져,1,0,0
쏟아지네요ㅜㅜ,1,0,0
쏟아지는듯,1,0,0
쏟아지더민,1,0,0
쏠쏠하네요,1,0,0
쏠쏠합니다,0,0,1
쏠쏠해,1,0,1
쏠쏠해요,1,0,0
쏴악,0,0,1
쑥쑥,0,0,1
쑥쑥자란대,0,0,1
쑥쑥크는게,1,0,0
쒸익쒸익해쪄,1,0,0
쓰레기,1,0,0
쓰레기같다던데ㅋㅋㅋㅋㅋㅋ,1,0,0
쓰레기네,1,0,0
쓰려,0,0,1
쓰세요,1,0,0
쓸쓸할지도,0,0,1
씐나,1,0,0
씐나겠네,0,0,1
씐난당ㅋ,1,0,0
씬스틸러,0,0,1
씹는,0,0,1
씻어줘도,0,1,0
씻은듯이,0,0,1
아가넹,1,0,0
아가들이었는데,1,0,0
아가였는데,1,0,0
아가였삼,1,0,0
아가인데,1,0,0
아가일,1,0,0
아그레아블한,1,0,0
아기,3,0,0
아기귤이에요,1,0,0
아기귤이왔어요,1,0,0
아기들,1,0,0
아기들은,1,0,0
아기때부터,1,0,0
아기라서,1,0,0
아기자기해,1,0,0
아노락같은거,1,0,0
아늑하게,0,0,1
아는사람들만,1,0,0
아니라고는,0,0,1
아니에요,1,0,0
아니예요,1,0,0
아닌데,1,0,0
아동학대,1,0,0
아들,1,0,0
아들바보에요,1,0,0
아래로,1,0,0
아래쪽에서,2,0,0
아련,1,0,0
아련한,1,0,0
아름다운,0,0,1
아름다워,0,0,1
아름답겠어요ㅜㅜ,1,0,0
아무것도,2,0,0
아무도,0,1,0
아무렇지도,1,0,0
아무맛도,1,0,0
아바라,1,0,0
아버지,1,0,0
아부지인것,1,0,0
아삭,1,0,0
아쉬워,0,0,1
아쉬워요,1,0,1
아쉽,1,0,0
아쉽죠,1,0,0
아슬아슬하게,0,0,1
아슬아슬했넹,1,0,0
아싸,2,0,0
아싸였음,1,0,0
아우라가,1,0,0
아이돌,2,0,0
아이돌덕후에요,1,0,0
아이돌이네요,1,0,0
아이유,1,0,0
아재로,1,0,0
아재틱함,1,0,0
아저씬0,1,0,0
아주,0,0,11
아주초보에요,0,0,1
아줌마ㅜㅜ,1,0,0
아줌마같앙,1,0,0
아직,1,0,0
아직도,1,0,0
아찔하답니다,0,0,1
아침,1,0,0
아침드라마,2,0,0
아침부터,0,0,1
아침에,2,0,0
아침은,1,0,0
아침이나,1,0,0
아침일찍이네요ㅎㅎㅎ,1,0,0
아파트단지말고,1,0,0
아팠어,1,0,0
아프셨겠다,1,0,0
악건성이라,1,0,0
악담만,1,0,0
악덕기업이네,1,0,0
악순환이네요,1,0,0
악착같이,1,0,0
악플,1,0,0
악화되기,1,0,0
안,4,1,0
안끈어서,0,1,0
안되는거예요,0,1,0
안맞는몸인가봐요,1,0,0
안맞음,1,0,0
안먹는건,0,0,1
안믿는가봐,0,1,0
안번진다고는,0,0,1
안부만,1,0,0
안사도될거까지,1,0,0
안수그러,1,0,0
안시킴,1,0,0
안심,1,1,0
안쓰고,1,0,0
안아프게는,1,0,0
안어울리진,0,0,1
안어울리진않을것,0,0,1
안없어지더라고요,0,1,0
안열리더라고,0,1,0
안유명할때,1,0,0
안익혀서와ㅠ,1,0,0
안전,1,0,0
안전하겟댜,1,0,0
안절부절못하다가,1,0,0
안정기겠네,1,0,0
안정적이겠어요,1,0,0
안정적이라구,0,0,1
안조아하는,1,0,0
안조은건,1,0,0
안좋게,1,0,0
안좋다고,0,0,1
안좋더라구요,0,0,1
안좋아,0,0,2
안좋아요,1,0,1
안좋아하거든요,1,0,0
안좋아하나보네,1,0,0
안좋은,0,0,1
안좋은데,1,0,0
안좋음,1,0,0
안쪽이,1,0,0
안쪽이였구낭,1,0,0
안친해요,1,0,0
안풀리면,0,1,0
안하거나,1,0,0
안하시는구나,1,0,0
안하잖아,1,0,0
알겠어,2,0,0
알겠어요,2,0,0
알겠음ㅋㅋㅋㅋㅋ,1,0,0
알뜰하시잖아요,1,0,0
알뜰해,0,0,1
알림도안줘놓고,0,0,1
알못이거든요ㅋㅋㅋ큐ㅠㅠㅠㅠ,1,0,0
알못이라ㅋㅋㅋㅋㅋ,1,0,0
알못인데도,1,0,0
알쓰라,1,0,0
알쓰라서,1,0,0
알쓸신잡이에요,1,0,0
알아챘는데,1,0,0
알어ㅠ,1,0,0
알차게,2,0,6
알차다,1,0,0
알차도다,0,0,1
알찬,0,0,1
알찬거죠,1,0,0
알찬데요,1,0,0
알코올,1,0,0
알콜이,1,0,0
앓고,0,0,1
암기가,1,0,0
암울,1,0,0
암컷,1,0,0
앞에,1,0,0
앞이였어요,1,0,0
앞자리도,1,0,0
애,2,0,0
애걸복걸,1,0,0
애교수준일거에요,1,0,0
애교쟁이,1,0,0
애교쟁이네,1,0,0
애기,3,0,0
애기ㅋㅋㅋㅋㅋ,1,0,0
애기가,1,0,0
애기같아서,1,0,0
애기같아요,1,0,0
애기거나,1,0,0
애기네,2,0,0
애기네요,4,0,0
애기도,1,0,0
애기들이네요,1,0,0
애기때,3,0,0
애기때네,1,0,0
애기때는,2,0,0
애기때부터,2,0,1
애기땐,1,0,0
애기선수ㅜㅜ,1,0,0
애기시구나,1,0,0
애기시절이다,1,0,0
애기애기,1,0,0
애기엿을때라,1,0,0
애기였어ㅋ,1,0,0
애기였자나,1,0,0
애기였죠,1,0,0
애기예용,1,0,0
애기용,1,0,0
애기죠,1,0,0
애긴데,1,0,0
애깅이ㅜㅜㅜㅜ,1,0,0
애들끼리,1,0,0
애매,1,0,0
애매ㅋㅋ,1,0,0
애매쓰ㅠㅠ,1,0,0
애매한,0,0,1
애쉬여서,1,0,0
애용자,1,0,0
애용자라,1,0,0
애용합니다,1,0,0
애용해요,1,0,0
애임,1,0,0
애잔하게,1,0,0
애정하는,0,0,1
애정합니다,1,0,0
애증의,1,0,0
애착후디,1,0,0
애처가드라,1,0,0
애처가에,1,0,0
애청자거든요,1,0,0
애타는데,1,0,0
애플,1,0,0
액션,1,0,0
야경맛집이죠,1,0,0
야구,1,0,0
야들야들하게,1,0,0
야무지게,0,0,1
야무지시고,1,0,0
야자수처럼,1,0,0
약간,1,0,6
약간만,0,0,2
약국이거든요,1,0,0
약빤것처럼,0,0,1
약소하지만,0,0,1
약하게,0,0,1
약하더만,1,0,0
약한,0,0,3
약해서,0,0,1
얃하게,0,0,1
얄미운애들도,0,0,1
얄미워죽겠어요,0,0,1
얄쨜없이,0,0,1
얇게,2,0,1
얇고,0,0,1
얇아지고,1,0,0
얇은,1,0,0
얌긋인데,1,0,0
얌전하게,0,0,1
양반,1,0,0
양심리스,1,0,0
양아치,2,0,0
양아치들이지,1,0,0
양아치임,1,0,0
양애취,1,0,0
양이,0,0,1
양푸짐하고,1,0,0
양호하게,0,0,1
양호하구만,0,0,1
양호한,0,0,1
양호해졌나보더라구요,0,0,1
얕게,1,0,0
얘전에,1,0,0
어,0,0,1
어깨,0,0,1
어눌해서,1,0,0
어두울때,1,0,0
어둠의,1,0,0
어둡거나,1,0,0
어둡고,1,0,0
어디가서,0,0,1
어디든,1,0,0
어디에는,1,0,0
어려,1,0,0
어려보임,1,0,0
어려운,2,0,0
어려운거요,1,0,0
어려운데,1,0,0
어려워,2,0,0
어려워요,1,0,0
어려워졌어요,0,0,1
어렵다는,0,0,1
어렵던데,0,0,1
어렵죠ㅠㅠ,1,0,0
어렵지,2,0,0
어렵지않나요,1,0,0
어렸던데,1,0,0
어렸을,2,0,3
어렸을때,3,0,2
어렸을때는,0,0,1
어르신,1,0,0
어른이네요,1,0,0
어른이야,1,0,0
어른입맛이네요,1,0,0
어리거나,0,0,1
어린,4,0,0
어린아기들은,0,0,1
어린애,1,0,0
어린이,1,0,0
어린이가,1,0,0
어린이라서,1,0,0
어린잎인데,1,0,0
어릴,7,0,9
어릴때,2,0,10
어릴때라,1,0,0
어릴때부터ㅜㅠ,1,0,0
어릴때요,0,0,1
어릴땐,0,0,2
어릴적에,0,0,1
어묵꼬치,1,0,0
어썸하지,1,0,0
어울리겠어요,0,0,1
어이,1,0,0
어이가,0,0,2
어이없었는데,1,0,0
어이없었어요,1,0,0
어이없으면서도,1,0,0
어이없으셨겠어요,1,0,0
어이없을,1,0,0
어이없죠,1,0,0
어이없지ㅠ,1,0,0
어제,1,0,0
어쩌다,0,0,2
어쩌다가네요,0,0,1
어쩌면,0,0,1
어찌나,0,0,1
어항속에,0,0,1
억울할뻔하자나여,1,0,0
억울해요,0,0,1
억장와르르,1,0,0
억지,1,0,0
언닌데,1,0,0
언터쳐블이었어서,1,0,0
얼굴,1,0,1
얼굴에,0,0,1
얼굴이,0,0,2
얼리어덥터시네요,1,0,0
얼마안됐어요,1,0,0
얼싸안는,1,0,0
얼음방,1,0,0
얼음을,1,0,0
얼음장인뎅,1,0,0
얼큰하구,1,0,0
얼큰하면,0,0,1
얼큰한,1,0,0
얽히고,0,0,1
엄격하게,1,0,0
엄격하구나,0,0,1
엄마,2,0,1
엄선하고,1,0,0
엄청,0,0,2
엄청난,0,0,1
엄친아,1,0,0
엄친아역이네,1,0,0
업되서는ㅎㅎ,0,0,1
없는건,0,0,1
없는게,0,1,0
없어,0,0,1
없어졌다했는데,1,0,0
없어지거나,1,0,0
없어지기,0,1,0
없어지지는,1,0,0
없어질듯,1,0,0
없지는,1,0,1
없진,1,0,1
엇나간,0,0,1
엉망,1,0,0
엉망됐어요,1,0,0
엉망이,1,0,0
엉망이었거든,1,0,0
엉망이에요,1,0,0
엉망이예요ㅋㅋ,1,0,0
엉망진창인데,0,0,1
엉아야,1,0,0
엎드려,1,0,0
엎드리고,1,0,0
에너자이저,1,0,0
에릭파,1,0,0
에바에요,1,0,0
에스엠팬이에요,1,0,0
에어컨,1,0,0
에어프라이어기,1,0,0
에이스만한,1,0,0
에펠탑에,1,0,0
엑기스만,1,0,0
엑소,1,0,0
엔딩,1,0,0
엔팁,1,0,0
엘레강스한,0,0,1
엠비티아이,1,0,0
여ㅡ성스럽게,0,0,1
여기가,1,0,0
여기는,1,0,0
여기저거,0,0,1
여기저기,0,0,1
여념이야,0,0,1
여러가지로,0,0,1
여러군데,1,0,1
여름,3,0,0
여름같아요,1,0,0
여름까진,1,0,0
여름노래라구요,1,0,0
여름에,1,0,0
여름여름해서,1,0,0
여름용,1,0,0
여름용인데,1,0,0
여름을,0,0,1
여름이네,1,0,0
여름이다,2,0,0
여름이더라,1,0,0
여름이야,2,0,0
여름이에요,1,0,0
여름인데요,1,0,0
여름임ㅋㅋㅋㅋㅋㅋ,1,0,0
여름철에,1,0,0
여름청춘기억조작,1,0,0
여유로워,0,0,4
여유로워요,1,0,0
여유롭게,1,0,1
여유롭겠네,1,0,0
여유롭겠네여,1,0,0
여유롭당,1,0,0
여유있게,1,0,0
여유있네,0,0,1
여자거든,1,0,0
여자야들,1,0,0
여초고,1,0,0
여초과거든요,1,0,0
여초과라,1,0,0
여초잖아요,1,0,0
여행,1,0,0
여행가고싶은,0,0,1
여행메이트로,1,0,0
역으로,0,0,1
역적됐던데,1,0,0
역효과일,0,1,0
연기잘한다던데,1,0,0
연기잘해,1,0,0
연륜있으신ㅋㅋ,1,0,0
연말,1,0,0
연봉인상할때,0,0,1
연상연하,1,0,0
연애에,1,0,0
연약하다는,0,0,1
연초이긴,1,0,0
연하게,1,0,1
연한,1,0,0
열공걸,1,0,0
열공하고,1,0,0
열대날씨네,1,0,0
열려있었지,0,0,1
열받게,2,0,0
열받았고,1,0,0
열받져ㅛ,1,0,0
열심히,25,0,6
열심히넹,1,0,0
열심히치더라고요,1,0,0
열심히하네,1,0,0
열심히해,2,0,0
열악하고,1,0,0
열일,1,0,0
열일이시군요,0,0,1
열일하네요,1,0,0
열일한다,1,0,0
열일해,0,0,1
열일해요ㅋㄱㅋㅋ,0,0,1
열정덩어리,1,0,0
열정적으로,0,0,1
열정적인,1,0,0
열창한다,1,0,0
열풍인,0,0,1
열혈팬이네ㅋㅋㅋㅋ,0,0,1
엽떡처럼,1,0,0
영글었구나,0,0,1
영리했어,0,0,1
영민하시다,1,0,0
영악해,0,0,1
영양간식이네,0,0,1
영업당했어요,1,0,0
영유,1,0,0
영재들은,1,0,0
영혼의,0,0,1
영혼이,0,1,0
영화,2,0,0
영화같아,1,0,0
영화같아요,1,0,0
영화같은,1,0,0
영화관,1,0,0
영화보는기분들고,1,0,0
예,0,0,1
예리해,1,0,0
예린파거든요,1,0,0
예민덩어리라ㅜ,0,0,1
예민보스,1,0,0
예민해서,1,0,0
예민해요,1,0,0
예뻐,2,0,0
예뻐두상,0,0,1
예뻐요,2,0,0
예뻐하시고,1,0,0
예뻐할,0,0,1
예뻣음,1,0,0
예뻤겠다,1,0,0
예뻤죠,0,0,1
예뻥,1,0,0
예뽀,1,0,0
예뿌게,2,0,0
예쁘게,3,0,1
예쁘겠다,1,0,0
예쁘겠당,1,0,0
예쁘다고,1,0,0
예쁘당,2,0,0
예쁘더라구요,2,0,0
예쁘던데요,0,0,1
예쁘잖어,1,0,0
예쁘지않닝,1,0,0
예쁜,0,0,2
예쁜데,0,0,1
예쁜뎅,2,0,0
예상,1,0,0
예상이,1,0,0
예상했던,1,0,0
예술적이도다,0,0,1
예에에에에전에,0,0,1
예전,1,0,3
예전거자나요,1,0,0
예전부터,0,0,2
예전에,6,0,19
예전에요,0,0,1
예전엔,0,0,3
예전엨ㅋㅋㅋ,0,0,1
예전이네요ㅜ,0,0,1
예전이지만,0,0,1
예전이지만요,0,0,1
예체능쪽으로,1,0,0
옛,2,0,0
옛날,8,0,3
옛날감성에,1,0,0
옛날거에요,0,0,1
옛날건데,0,0,1
옛날껀,0,0,1
옛날노래여,1,0,0
옛날로,1,0,1
옛날버전이요,1,0,0
옛날부터,0,0,1
옛날식,1,0,0
옛날식으로,1,0,0
옛날에,5,0,9
옛날에는,0,0,1
옛날영화,1,0,0
옛날옛날이야,1,0,0
옛날의,0,0,1
옛날이네,1,0,0
옛날이네요,0,0,1
옛날이다,1,0,0
옛날이라,0,0,1
옛날이요,1,0,0
옛날인다,1,0,0
옛날인데,0,0,1
옛날인데도,0,0,1
오,0,0,1
오그라들지뭐야,1,0,0
오글,1,0,0
오글ㅠㅠ,1,0,0
오글거려,1,0,0
오글거려서,0,0,1
오늘,2,0,2
오다말다,0,0,1
오도바이구만,0,0,1
오동통면만,0,1,0
오락가락,0,0,1
오락으로,1,0,0
오래,6,0,5
오래걸려,0,0,1
오래걸렸지만,0,0,1
오래걸리지않앙,1,0,0
오래남을듯,1,0,0
오래는,1,0,1
오래됏네,1,0,0
오래됐ㅇ어요,1,0,0
오래됐넹,1,0,0
오래됐당,1,0,0
오래됐어요,0,0,1
오래되셨네요,2,0,0
오래된,3,0,2
오래된거,1,0,0
오래된거면,0,0,1
오래된거여서,1,0,0
오래야,0,0,1
오래오래,0,0,1
오래잤당,1,0,0
오래전,0,0,6
오래전부터,1,0,0
오래전에,0,0,3
오래전에요,0,0,1
오래전이라,0,0,1
오래전이죠,0,0,1
오래진않았는데,0,0,1
오래탔는뎅,1,0,0
오랜기간,0,0,1
오랜만,1,0,0
오랜만ㅋㅋㅋㅋ,1,0,0
오랜만에,8,0,4
오랜만에가서,1,0,0
오랜만이다,1,0,0
오랜만이당,2,0,0
오랜만이야,0,0,1
오랜만이에옄ㅍㅋㅍㅋㅍㅋㅍㅋㅍ저스틴비버,1,0,0
오랜만이지,1,0,0
오르막길이야,1,0,0
오버였다,1,0,0
오버핏,1,0,0
오버하는,1,0,0
오분안에,1,0,0
오빠다,1,0,0
오빠여서,1,0,0
오세훈,1,0,0
오심해윸ㅋㅋ,0,0,1
오싹해요,0,0,1
오오오오,1,0,0
오우야던데,1,0,0
오전만,1,0,0
오져버려,1,0,0
오지게,0,0,1
오지였어요,1,0,0
오침,0,0,1
오케이,1,0,0
오케이입니다,0,0,1
오키대박덜덜이다,1,0,0
오타가,0,0,1
오픈되어있는,1,0,0
오픈해야겠네요,1,0,0
오호라지,1,0,0
옥구슬,1,0,0
온건,1,0,0
온라인이야,1,0,0
온라인파인데,1,0,0
온몸으로말고,0,0,1
온몸이,0,0,1
온전치,0,1,0
온화하자너,1,0,0
올랐겠어요,1,0,0
올랐어요,1,0,0
올빼미형,1,0,0
올인했었음,1,0,0
옷,1,0,0
옷정리는,1,0,0
와,1,0,1
와삭,1,0,0
와이드까진,1,0,0
와플같애ㅠㅠㅠㅠ,1,0,0
왁자지껄할듯요,1,0,0
완결된것만,0,1,0
완급조절,0,0,1
완벽스,0,0,1
완벽하게,0,1,1
완벽해,0,0,2
완벽해지는거네요,1,0,0
완벽했는데,1,0,0
완장찼네,0,0,1
완전,8,0,0
완전ㅇ자나,0,1,0
완전체라고요,0,0,1
왔다갔다해서,1,0,0
왕우산도,1,0,0
왕자님,1,0,0
외곽,1,0,0
외곽에,1,0,0
외국음식은,1,0,0
외국인,2,0,0
외식맛이에요,1,0,0
외식한것처럼,1,0,0
외향적,1,0,0
외향적이고,1,0,0
외향적인,1,0,0
외향형이시군요ㅎㅎ,1,0,0
요거트,1,0,0
요리,1,0,0
요리를,1,0,0
요리사,1,0,0
요리사군요,0,0,1
요리사시네,1,0,0
요리엄청,1,0,0
요망하다,0,0,1
요상해요,0,0,1
요새,1,0,0
요새였거든요,1,0,0
요정이시던데,1,0,0
요즘,0,0,1
욕을,0,0,1
용맹무쌍합니다,0,0,1
용맹하게,0,0,1
우량아네용,1,0,0
우럭이야,0,0,1
우렁차게,0,0,1
우렁찬,0,0,1
우려먹어라,0,0,1
우르르,2,0,0
우리,3,0,0
우리나라,1,0,0
우리다,1,0,0
우리숙소랑,1,0,0
우리얌,1,0,0
우리얘기야,1,0,0
우리의,0,0,1
우리집,1,0,0
우리집에,0,0,1
우리집이네,1,0,0
우아하고,0,0,1
우아해,1,0,0
우엑이였어,1,0,0
우여곡절이,0,0,1
우연의,1,0,0
우연이네요,1,0,0
우연이었죠,0,0,1
우연히라도,0,0,1
우와왕하면서,1,0,0
우울하다,1,0,0
우울한,1,0,0
우중충,0,0,1
우중충하네여,1,0,0
우파는,1,0,0
욱겨,1,0,0
운ㅋㅋㅋㅋ,1,0,0
운동,3,0,0
운동되겠어요,1,0,0
운동되네요,1,0,0
운동량이,0,0,1
운동맨이라,1,0,0
운동부족,1,0,0
운동부족이에요,1,0,0
운동용으로,1,0,0
운동을,0,0,1
운동이,0,0,1
운동쟁이시군요,1,0,0
운명이네요,1,0,0
운수가,1,0,0
운에,1,0,0
운이에요,2,0,0
운이자나ㅋㅋㅋㅋㅋ,1,0,0
운좋아요,1,0,0
울,0,0,2
울면서,1,0,0
울보name1였자낭,1,0,0
울상이엇는디,1,0,0
울었어요,1,0,0
울퉁불퉁,0,0,1
움의,1,0,0
웃걍,1,0,0
웃겨,12,0,3
웃겨ㅋㅋㄱ,1,0,0
웃겨ㅋㅋㅋㅋ,1,0,0
웃겨ㅋㅋㅋㅋㅋ,4,0,0
웃겨ㅋㅋㅋㅋㅋㅋ,1,0,0
웃겨ㅋㅋㅋㅋㅋㅋㅋㅋ,1,0,0
웃겨ㅋㅋㅋ해볼깡ㅋㅋㅋㅋ,1,0,0
웃겨요,5,0,0
웃겼는디,1,0,0
웃겼던게,1,0,0
웃겼어,1,0,0
웃겼어ㅋㅋ,1,0,0
웃겼어요,1,0,0
웃겼었거든,1,0,0
웃경,26,0,0
웃경ㅋㅋㅋㅋㅋㅋㅋㅋㅋㅋㅋㅋㅋ,1,0,0
웃곀ㅋㅋㅋㅋㅋㅋㅋㅋㅋ,1,0,0
웃곀ㅋㅋㅋㅋㅋㅋㅋㅋㅋㅋㅋ,1,0,0
웃곀ㅋㅋㅋㅋㅋㅋㅋㅋㅋㅋㅋㅋㅋ,1,0,0
웃곀ㅋㅋㅋㅋㅋㅋㅋㅋㅋㅋㅋㅋㅋㅋㅋ,1,0,0
웃곀ㅋㅋㅋㅋㅋㅋㅋㅋㅋㅋㅋㅋㅋㅋㅋㅋ,1,0,0
웃기고,2,0,0
웃기네ㅋㅋ,1,0,0
웃기네요,1,0,0
웃기넹,7,0,0
웃기는짬뽕이다,1,0,0
웃기다,1,0,0
웃기다ㅋㅋㅋ,1,0,0
웃기당,1,0,0
웃기더라,1,0,0
웃기지,1,0,0
웃긴,1,0,0
웃길,1,0,0
웃김,3,0,0
웃었네요,1,0,0
웃었어요,1,0,0
워너비,2,0,0
워너비네요,1,0,0
워너비에요,1,0,0
워라밸이,0,0,1
원룸,1,0,0
원룸형이네,1,0,0
원작에,0,1,0
원조,2,0,0
원탑이었다고,1,0,0
원피스,1,0,0
원하면가고,0,0,1
월급도둑이라고ㅋㅋ,1,0,0
월급주는,0,0,1
월드컵처럼,1,0,0
월루타임이다,1,0,0
웰빙,2,0,0
웰빙이져,1,0,0
위,1,0,0
위로된다,1,0,0
위로받는,1,0,0
위켄드,1,0,0
위험,1,0,0
위험한,0,0,3
위험한데ㅠㅜ,1,0,0
위험한데요,1,0,0
윙크를,0,0,1
유교,1,0,0
유니크한,1,0,0
유랜만이다,1,0,0
유럽에서,1,0,0
유럽인데요,1,0,0
유료고,1,0,0
유리몸이었다,1,0,0
유리하대,1,0,0
유명하고,1,0,0
유명하니까요,1,0,0
유명하더라구요,1,0,0
유명하시더라구요ㅎㅎㅎ,1,0,0
유명하자나요,1,0,0
유명하잖아요,2,0,0
유명하죠,0,0,1
유명한,3,0,2
유명한거야,2,0,0
유명한데,3,0,0
유명한분이셔서,0,0,1
유명함,1,0,0
유명해,3,0,0
유명해서,2,0,0
유명해졌다,1,0,0
유명했잖아요,1,0,0
유발,1,0,0
유식해,1,0,0
유심히,0,0,1
유아네,1,0,0
유연해요,0,0,1
유용,1,0,0
유용하게,0,0,5
유용하다,0,0,1
유용하죠,0,0,1
유용할것같아요,1,0,0
유용함,0,0,1
유용해,0,0,3
유용해요,2,0,0
유용했어,1,0,0
유용했어요,0,0,1
유익하다,1,0,0
유익해요,1,0,0
유익해요ㅋㅋㅋ,1,0,0
유재석,1,0,0
유죄네요,1,0,0
유죄야,0,0,1
유치원생처럼,1,0,0
유치하고,1,0,0
유치한,0,0,1
유쾌하신,1,0,0
유튜브,2,0,0
유튜브에,1,0,0
유행된,1,0,0
유행이었죠,1,0,0
유행이였죠,1,0,0
유행이죠,2,0,0
유행하는,0,0,1
유행할거,1,0,0
육수가,0,0,1
육식입맛이라서,1,0,0
육식파라,1,0,0
육식파입니더,1,0,0
으른같아,1,0,0
으른이시네요,1,0,0
은근히,0,0,1
은폐했어,1,0,0
음성지원이,0,0,1
음식,2,0,0
음질이,0,0,1
음치,1,0,0
음치박치라,1,0,0
음치였는데,1,0,0
응가,1,0,0
응가손이거든요,1,0,0
응원,1,0,0
응큼해요,0,0,1
의문,1,0,0
의식의,1,0,0
의심의,1,0,0
의외,1,0,0
의외네,1,0,0
의외넹,1,0,0
의외다,1,0,0
의외였어,0,0,1
의지,0,0,1
의처증,1,0,0
의학드라마라,1,0,0
의학지식없는,1,0,0
이,0,0,1
이name1이잖아,1,0,0
이거는,1,0,0
이거말고도,0,0,1
이과죠,1,0,0
이기적이다,1,0,0
이기적이에요,1,0,0
이기적인,0,0,1
이기주의자에속물이라,1,0,0
이뇨ㅏ,1,0,0
이득,2,0,0
이득같아요,1,0,0
이득이네,1,0,0
이득이네요,2,0,0
이득인데요,1,0,0
이딸리아식으로,1,0,0
이론,1,0,0
이른,1,0,0
이를,0,0,1
이름이,0,0,1
이미지,1,0,0
이미지가,1,0,0
이미지메이킹,0,0,1
이불킥이죠,1,0,0
이뻐,1,0,0
이뻐요,1,0,0
이뻐요ㅎㅎ,1,0,0
이뻣답니다,0,0,1
이뻤어요,0,0,1
이뽀,0,0,1
이뿌게,1,0,0
이뿌당히히,1,0,0
이쁘겠다,1,0,0
이쁘고,1,0,0
이쁘네,1,0,0
이쁘다고,1,0,0
이쁘더라구여,0,0,1
이쁜것들,1,0,0
이쁨,1,0,0
이사가기전날,1,0,0
이상,1,0,0
이상이거든요ㅠ,1,0,0
이상적이죠,0,0,1
이상하게,1,0,0
이상하던데,1,0,0
이상한,3,0,0
이상한짓해서,0,0,1
이상함,1,0,0
이상해,3,0,0
이상해짐ㅋㅋㅋㅋ,1,0,0
이상했다,1,0,0
이상형,1,0,0
이상형처럼,1,0,0
이색,1,0,0
이색체험이겠는,1,0,0
이싸였군,1,0,0
이야기하고,1,0,0
이우정대사왜이래,1,0,0
이제,0,0,1
이해,2,0,0
이해가,1,0,0
이해되네요,2,0,0
이해됨,1,0,0
이해한건진,0,1,0
이해합니다,1,0,0
이해해요,5,0,0
익송이긴,1,0,0
익은거,1,0,0
익은건데,0,1,0
익히기,0,1,0
익힌건,1,0,0
인간,2,0,0
인간의,1,0,0
인기,6,0,0
인기가,1,0,0
인기고,1,0,0
인기녀돼규,1,0,0
인기더라구요,0,0,1
인기동아리의,1,0,0
인기많네요,1,0,0
인기많아,0,0,1
인기많은,1,0,0
인기많지않나요,1,0,0
인기발이구만,1,0,0
인기부재료,1,0,0
인기숙소네요,1,0,0
인기스타에요ㅋㅋㅋ,1,0,0
인기였어서,1,0,0
인기있나봐요,1,0,0
인기있는,2,0,0
인기쟁이네,0,0,1
인기쟁이더라구,0,0,1
인기죠,1,0,0
인내력이짘ㅋㅋㅋ,1,0,0
인도집안에서,1,0,0
인명이,0,0,1
인상깊음,1,0,0
인상깊진,0,0,1
인상적이야,0,0,1
인상파,1,0,0
인생,0,0,2
인생국밥ㅠㅜ,1,0,0
인생드라마,1,0,0
인생은,1,0,0
인생을,0,0,1
인생조언,1,0,0
인생책,1,0,0
인생캐릭터,1,0,0
인소감성,1,0,0
인스타,1,0,0
인싸게임이야,1,0,0
인싸네,2,0,0
인싸던데,1,0,0
인싸맞는듯여,1,0,0
인싸시잖아,1,0,0
인싸였나보네,1,0,0
인싸재질이라고,1,0,0
인어는,1,0,0
인연이네요,2,0,0
인연이죠,1,0,0
인재네,1,0,0
인정,6,0,0
인정ㅋㅋㅋ,1,0,0
인정ㅋㅋㅋㅋㅋㅋㅋ,1,0,0
인정이요,2,0,0
인정이지,1,0,0
인정하네,1,0,0
인정합니다,1,0,0
인체의신비,1,0,0
인터벌먹짱,1,0,0
인형,1,0,0
인형옷같은,1,0,0
인형이더라,1,0,0
인형처럼,1,0,0
일,1,0,0
일루미나티도,0,0,1
일반적인,1,0,0
일복은,0,0,1
일부의,0,0,1
일사천리로,0,0,1
일사천리였어,0,0,1
일상으로,1,0,0
일상이,0,0,2
일석이조이네요,1,0,0
일어나라고,0,0,1
일어남,0,1,0
일어났당,0,2,0
일어났숩니당,1,0,0
일어났어,0,1,0
일어났옹,1,0,0
일없어,0,0,1
일을,1,0,1
일자로,1,0,0
일자리,1,0,0
일자목이에요,1,0,0
일제강점기,1,0,0
일찍,6,0,0
일찍일어나,1,0,0
일치하시는,1,0,0
일치하진,1,0,0
일품이더라구요,0,0,1
읽씹,1,0,0
임부복같이,1,0,0
입덕시기라,1,0,0
입맛,1,0,0
입맛없음ㅠ,1,0,0
입어보고싶다,1,0,0
입에,0,0,3
입을,0,0,1
잇지,1,0,0
잇템,1,0,0
잊고,2,1,0
잊고있었당,1,0,0
잊고있었어,1,0,0
잊어버리고,1,0,0
잊혀졋노,1,0,0
자각한거,1,0,0
자고,1,0,0
자극적으로,0,0,2
자극적이고,1,0,0
자극적이라,1,0,0
자극적이얌,1,0,0
자극적이었던,0,0,1
자극적이여,1,0,0
자극적인,2,0,1
자기,3,0,2
자기들,1,0,0
자기일,1,0,0
자랑이죠ㅋㅋ,1,0,0
자리잡기까지,0,1,0
자리잡은,0,1,0
자립적,0,0,1
자만추라서,1,0,0
자밌다면서요,1,0,0
자본주의적,1,0,0
자부심,1,0,0
자상한,1,0,0
자식처럼,1,0,0
자신만만하게,1,0,0
자신있는,1,0,0
자알,0,0,1
자연스러웠다,1,0,0
자연스럽게,0,0,1
자연스럽다ㅋㅋㅋ,0,0,1
자연충이라서ㅠㅠ,1,0,0
자욱해,1,0,0
자유까진,1,0,0
자유도,1,0,0
자유로워졌네요,1,0,0
자유롭고,1,0,0
자유롭다고,1,0,0
자유분방한분위기,0,0,1
자유의,1,0,0
자유의몸이구만,1,0,0
자유주제로,1,0,0
자존감,1,0,0
자주,3,0,3
자주가는데,1,0,0
자주는,0,0,1
자주들어요,1,0,0
자주먹어요,1,0,0
자주봐요,1,0,0
자주해여,1,0,0
자차였자나,1,0,0
자취생바이브,1,0,0
자취의,1,0,0
작게,0,0,2
작겠네요,1,0,0
작고,0,0,1
작아,1,0,0
작아요,1,0,0
작아져서,0,0,1
작은,3,0,11
작은거,4,0,0
작은걸,0,0,1
작은고,0,0,1
작은데,1,0,0
작정을,0,0,1
잔뜩,0,0,1
잔망스러위,0,0,1
잔머리가,0,0,1
잔소리꾼이라고,0,0,1
잔잔한,0,0,1
잔치인데,1,0,0
잔칫상이네,1,0,0
잘,50,0,59
잘가더라구요,0,0,1
잘가여,1,0,0
잘가요ㅎㅎ,0,0,1
잘갓다온거같아,0,0,1
잘게,1,0,2
잘게잘게,0,0,1
잘나가,1,0,0
잘나오쥬,1,0,0
잘나옴,1,0,0
잘나와서요,0,0,1
잘닦여,0,0,1
잘돼서,2,0,0
잘돼있더라구오,0,0,1
잘됏다고,1,0,0
잘됐구만,0,0,1
잘됐군,1,0,0
잘됐네,0,0,1
잘됐다,1,0,0
잘됐당,1,0,1
잘됐어요,0,0,1
잘되는구만,0,0,1
잘되어있더라구요,1,0,0
잘된거,1,0,0
잘된당,0,0,1
잘드셨나보네요ㅋㅋㅈ,0,0,1
잘드시네요,0,0,1
잘드심,1,0,1
잘듣고있음,0,0,1
잘때렸어,1,0,0
잘만났다라고,1,0,0
잘만들고있넹,1,0,0
잘말리구,0,0,1
잘맞습니다,0,0,1
잘맞아서,1,0,0
잘맞아요,0,0,1
잘맞으실것같구요,1,0,0
잘먹고있다ㅋ,0,0,1
잘먹네요,0,0,1
잘먹는뎅,1,0,0
잘먹는편은,1,0,0
잘먹더라구요,0,0,1
잘먹습니다,0,0,1
잘먹어,1,0,0
잘먹어요,2,0,0
잘먹어용,0,0,1
잘먹었어요,0,0,1
잘먹을듯,1,0,0
잘먹쥐,1,0,0
잘목고,0,0,1
잘못,1,0,0
잘못된,1,0,0
잘보고왔어요,1,0,0
잘보여,3,0,0
잘보지,0,0,1
잘봐,0,0,1
잘봐요ㅋ,1,0,0
잘봤었죠,1,0,0
잘봤지,1,0,0
잘붙인거지,1,0,0
잘붙힘,1,0,0
잘산템,1,0,0
잘살지,0,0,1
잘샀어,1,0,0
잘생겼어,1,0,0
잘생기게,1,0,0
잘싸워,1,0,0
잘썼다,1,0,0
잘썼당,1,0,0
잘쓰고있습니다,0,0,1
잘쓰네,0,0,1
잘쓰도라고,0,0,1
잘쓰죠,1,0,0
잘쓰죵,0,0,1
잘쓰지,1,0,0
잘씁니다용,1,0,0
잘씹히고,1,0,0
잘씹히구,1,0,0
잘아시네요,1,0,0
잘아시는데요,1,0,0
잘아신당,1,0,0
잘알이네요,1,0,0
잘알죠,0,0,1
잘알지는,1,0,0
잘어울려,1,0,1
잘어울렸겠다,1,0,0
잘어울릴지,0,0,1
잘어울림,1,0,0
잘와,0,0,1
잘익었어,0,0,1
잘익은,1,0,0
잘있지,1,0,0
잘자,1,0,0
잘자는데요,1,0,0
잘자는즁,0,0,1
잘자서,0,0,1
잘잡아요,1,0,0
잘잤오여,1,0,0
잘잤으,1,0,0
잘지내서,0,0,1
잘지었어요,1,0,0
잘찾아네,0,0,1
잘찾았당,1,0,0
잘챙겨서,1,0,0
잘쳐옄ㅋㅋㅋㅋ,1,0,0
잘칠듯ㅎㅎ,1,0,0
잘타고,0,0,1
잘팔려,1,0,0
잘하고,0,0,3
잘하고있어,0,0,1
잘하구이쒀,0,0,1
잘하구있넹,0,0,1
잘하네,0,0,1
잘하는,1,0,1
잘하는거,0,0,1
잘하는데,1,0,0
잘하드라,1,0,0
잘하셨네요,0,0,1
잘하시겠네요,1,0,0
잘하시고,1,0,0
잘하시네요,1,0,1
잘하시더라구요,1,0,0
잘하신거,1,0,0
잘하실거같아요,1,0,0
잘하죠,1,0,0
잘한,0,0,2
잘할듯,1,0,0
잘함,0,0,1
잘해,4,0,2
잘해놨쥬,1,0,0
잘해쒀,0,0,1
잘해요,0,0,1
잘해주고,0,0,1
잘햇노,1,0,0
잘햇음,1,0,0
잘했군,0,0,2
잘했네,0,0,1
잘했당,1,0,3
잘했셔,0,0,1
잘했어,1,0,2
잘했어ㅋㅋㅋㅋㅋㅋ,0,0,1
잘했어요,0,0,1
잘했엉,2,0,0
잘했오,0,0,4
잘했지,0,0,1
잠,1,0,0
잠겨야하죠,1,0,0
잠기지,1,0,0
잠깐,0,0,11
잠깐씩,0,0,1
잠깐이고,1,0,0
잠깐임,0,0,1
잠깐했어요,0,0,1
잠깐했었는데,0,0,1
잠깨버려서,1,0,0
잠꾸러기,1,0,0
잠들었을땤ㅋㅋ,1,0,0
잠수를,0,1,0
잠시,0,0,2
잠에,2,0,0
잠이,1,0,0
잠이그냥,1,0,0
잠자는,1,0,0
잠투정,0,0,1
잡덕이라,1,0,0
잡덕이에요ㅋㅋㅋ,1,0,0
잡아먹고싶네요,0,0,1
잡초밭이더라,1,0,0
장,2,0,0
장기연애네,1,0,0
장기프로젝트임,1,0,0
장난,1,0,0
장난아니네,1,0,0
장난아니더라고요,1,0,0
장난아니어서,1,0,0
장난아니에요,1,0,0
장난아니예요,0,0,1
장난아닌데,0,0,1
장난아닌데요,1,0,0
장난없네여,0,0,1
장난없넹,0,0,1
장난이,1,0,0
장농이얔ㅋㅋㅋㅋㅋㅋ,1,0,0
장님같이,1,0,0
장마같아요,1,0,0
장마야,1,0,0
장모잖아,1,0,0
장사,0,0,1
장사하실줄아시네요,1,0,0
장수,1,0,0
장수프로그램이네요,1,0,0
장수하는군요,0,0,1
장시간,1,0,0
장시간이죠,1,0,0
장식이야,1,0,0
장우산파요,2,0,0
장인,1,0,0
장점인듯해요,1,0,0
재난영화,1,0,0
재미나,2,0,0
재미나게,1,0,0
재미나더라,1,0,0
재미났대요,0,0,1
재미들린거,0,0,1
재미쒀ㅠ,1,0,0
재미없었은데,1,0,0
재미있게,2,0,1
재미있습니다ㅋㅋ,0,0,1
재미있어,1,0,0
재미있어요,1,0,0
재미있었어요,2,0,0
재미있죠,1,0,0
재미져요,0,0,1
재미진,1,0,0
재미짐,1,0,0
재믺어,1,0,0
재밋,1,0,0
재밋나보죠,0,0,1
재밋어,1,0,1
재밋어요,2,0,0
재밋엇겟더만,1,0,0
재밌ㅇ요,1,0,0
재밌게,15,0,1
재밌게봄,3,0,0
재밌게봤어,1,0,0
재밌게봤죠,1,0,0
재밌게했죠,1,0,0
재밌겠네,1,0,0
재밌겠는데요,1,0,0
재밌겠다,3,0,0
재밌겠당,1,0,0
재밌겠어요,2,0,0
재밌곘는데요,1,0,0
재밌고,1,0,2
재밌구,1,0,0
재밌눙,1,0,0
재밌는,1,0,1
재밌는거,1,0,0
재밌는거를,0,0,1
재밌는데,2,0,0
재밌다,2,0,1
재밌다구,1,0,0
재밌당,1,0,0
재밌더라,1,0,0
재밌더라고용,1,0,0
재밌더라구요,1,0,0
재밌어,6,0,1
재밌어보였어,1,0,0
재밌어서,1,0,0
재밌어여,1,0,0
재밌어요,10,0,1
재밌어요ㅎㅎ,1,0,0
재밌어요ㅜㅜ,1,0,0
재밌어요ㅠㅠ,1,0,0
재밌어요그겈ㅋㅋㅋㅋ,1,0,0
재밌어용,1,0,0
재밌었겠다ㅠㅠ,1,0,0
재밌었는데,3,0,1
재밌었다잉,0,0,1
재밌었어,2,0,0
재밌었어ㅋㅋㅋㅋㅋ,1,0,0
재밌었어요,3,0,1
재밌었어욬ㅋㅋ,1,0,0
재밌었지,1,0,0
재밌었짘ㅋㅋㅋ,1,0,0
재밌엉ㅠ볼따구,1,0,0
재밌오,1,0,0
재밌을,2,0,0
재밌을거같더라,1,0,0
재밌을거같아요,1,0,0
재밌잖아ㅋㅋ,1,0,0
재밌잖아요,1,0,0
재밌잖아요ㅋㅋ다음화가,1,0,0
재밌죠,2,0,0
재밌죠ㅋㅋㅋㅋㅋ,1,0,0
재밌지,4,0,0
재발견,1,0,0
재빠르게,0,0,1
재재,1,0,0
재택아니더라도,1,0,0
재택은,1,0,0
재택이,1,0,0
재현할,0,1,0
잭팟,1,0,0
잼겟더라,1,0,0
잼나,1,0,0
잼나도랑,1,0,0
잼나보이던데,1,0,0
잼나실겁니다,0,0,1
잼남,1,0,0
잼죠,1,0,0
쟁이,0,0,1
저,2,0,0
저가형브랜드인데,1,0,0
저격당했어,1,0,0
저내요,1,0,0
저녁될거같은뎌,1,0,0
저녁에만,1,0,0
저녁엔,1,0,0
저녁인데,1,0,0
저는,1,0,0
저도,2,0,0
저라고요,1,0,0
저랑,5,0,0
저랬지,1,0,0
저렴이눈,0,0,1
저렴이는,1,0,0
저렴인뎅,1,0,0
저렴하게,4,0,1
저렴하네요,1,0,0
저렴하더라구요,1,0,1
저렴한,1,0,0
저렴한데,1,0,0
저렴한디요,1,0,0
저렴한척,0,0,1
저렴해요,1,0,0
저렴해지더라구용,1,0,0
저만,1,0,0
저문거,1,0,0
저에요,2,0,0
저점이라고,1,0,0
저조해,1,0,0
저주를,0,0,1
저질,1,0,0
저질이거든요,1,0,0
저질인데,1,0,0
저질체력이라서ㅜㅜㅜㅜ,1,0,0
저탄고지,1,0,0
저한텐,1,0,0
저희,1,0,0
저희가,1,0,0
적게,1,0,2
적게로,0,0,1
적고,0,0,1
적극,1,0,0
적당한,1,0,0
적성에,1,0,0
적었거든,1,0,0
적은,1,0,0
적응됐겠네,1,0,0
적응된거같아,1,0,0
적응하고,1,0,0
적응하는듯,1,0,0
적이라곸ㅋㅋㅋㅋㅋㅋㅋ,1,0,0
적자같던데,1,0,0
적절,0,0,1
적절하도다,0,0,1
적절한,1,0,1
적절한게,0,0,1
적절함,0,0,1
적합한,0,0,1
전국각지,0,0,1
전국적인,0,0,1
전도유망해요,1,0,0
전문가,2,0,0
전문가같으세요,1,0,0
전문가분들이네요,1,0,0
전문가스러운,1,0,0
전문가시군요,1,0,0
전문가야,1,0,0
전문성,1,0,0
전문이죠,1,0,0
전문적,1,0,0
전방에서,1,0,0
전부,1,0,2
전산,0,0,1
전원생활이시네요,1,0,0
전원주택이네요,1,0,0
전위적이군,0,0,1
전율,1,0,0
전쟁이네,0,0,1
전쟁이었잖아ㅠ,1,0,0
전쟁통,0,0,1
전통,1,0,0
전투력을,1,0,0
전하고,1,0,0
전혀다른네,0,0,1
전형적인,1,0,0
전화하고,0,0,1
절냄새남,1,0,0
절레비,0,0,1
절망적이지,1,0,0
절친이네요,0,1,0
절친임,1,0,0
젊긴,1,0,0
젊으실,1,0,0
젊은,1,0,1
젊은이들,0,0,1
젊잖아,1,0,0
접으신,1,0,0
정,1,1,0
정name12같아,1,0,0
정갈하네여,0,0,1
정교한,1,0,0
정글됨,1,0,0
정기적으로,0,0,1
정답이었네,1,0,0
정답이에요,0,0,1
정떨어졋엇어요,1,0,0
정리하는건,0,1,0
정리해서,0,1,0
정말,1,0,2
정문으로,1,0,0
정반대라,1,0,0
정반대로,1,0,0
정반대에요,1,0,0
정반대의,0,1,0
정반대인데,1,0,0
정반대지,1,0,0
정보왕이시네요,1,0,0
정상화,1,0,0
정석이죠,1,0,0
정성껏,0,0,1
정식대로,1,0,0
정신,3,0,0
정신을,1,0,0
정신이,0,0,1
정의롭고,0,0,1
정의의,1,0,0
정주행,1,0,0
정주행각,1,0,0
정중하게,0,0,1
정지,1,0,0
정직하게,1,0,0
정착하게된건,0,1,0
정착한,0,1,0
정착해서,1,0,0
정통파시네요,1,0,0
정화됐다구,0,0,1
정확한가보네요,0,0,1
정확합니다,0,0,1
정확해,0,0,1
정확해오,0,0,1
정확해요,0,0,2
정확했네요,1,0,0
정확히,1,0,0
젖는,1,0,0
제,16,0,1
제3자의,1,0,0
제가,4,0,1
제각각이었어요,0,0,1
제거가,1,0,0
제대로,12,0,4
제대로야ㅋ,0,0,1
제대로여,0,0,1
제대로죠,1,0,0
제맛인데,0,0,1
제멋대로야,0,0,1
제명당해,0,0,1
제스타일,1,0,0
제스탈일듯,1,0,0
제와삐,1,0,0
제외,1,0,0
제일,1,0,0
제입맛,1,0,0
제주사람돠겈내,1,0,0
제철,1,0,0
제취향이더라구요,1,0,0
제취향이었어요,1,0,0
제취향이에여,1,0,0
제취향이에요ㅋㅋㅋㅋㅋ,1,0,0
제한하면,0,1,0
제한한거에요,0,1,0
젤리곰ㅋㅋㅋ꼼지락거리는거,1,0,0
졌잘싸였어요,1,0,0
조,0,0,1
조각입니다,0,0,1
조개뚱카롱도,1,0,0
조권재질,1,0,0
조그마행,1,0,0
조그만거,1,0,0
조그만해ㅠ,1,0,0
조그매요,0,0,1
조금,1,0,24
조금더,0,0,1
조금만,0,0,7
조금만이야,0,0,1
조금먹긴했당,1,0,0
조금버렸더니,1,0,0
조금씩,0,0,7
조금씩있어,0,0,1
조금요,0,0,1
조금의,0,0,1
조금이나마,0,0,1
조금이면,0,0,1
조금이에요,0,0,1
조금이요,0,0,1
조금했넹,1,0,0
조리해,1,0,0
조미료를,0,0,1
조사서,0,0,1
조심,2,0,0
조심해야,1,0,0
조심히,0,0,2
조아,4,0,5
조아ㅋㅋ,0,0,2
조아ㅠ,2,0,0
조아요,2,0,1
조아용,0,0,4
조아조앙,1,0,0
조아하네,1,0,0
조아할거야,0,0,1
조아핮ㅍ,1,0,0
조아해요,2,0,1
조아해요ㅎㅎ,1,0,0
조아횽,0,0,1
조앗슴,0,0,1
조앙,5,0,15
조와,1,0,0
조용,1,0,0
조용하군에ㅕ,0,0,1
조용하니까,1,0,0
조용해,1,0,1
조용했네,0,0,1
조용히,0,0,1
조은,0,0,1
조은거,1,0,0
조은거라고,1,0,0
조졋군,1,0,0
조타,1,0,0
조화가,1,0,0
족발,1,0,0
존ㅁ7ㅅ,1,0,0
존경스러워요,1,0,0
존경스러워요ㅋㅋㅋㅋ,1,0,0
존경합니다,1,0,1
존경해,0,0,1
존맛,3,0,0
존맛ㅜㅜ,1,0,0
존맛이ㅇ6,1,0,0
존맛인뎅,1,0,0
존잼이여,1,0,0
존잼이죠,1,0,0
졸귀징,1,0,0
졸려지고,1,0,0
졸림,0,0,1
졸업한지,1,0,0
좁드만,1,0,0
좁아,1,0,0
종식되면,1,0,0
종식되지,0,2,0
종식선언전엔,1,0,0
종식은,1,0,0
종식이니,1,0,0
종이,0,0,1
종종,0,0,1
종합이네,1,0,0
좋,1,0,0
좋가,1,0,0
좋게보는편이라,0,0,1
좋겠군,0,0,1
좋겠네요,2,0,0
좋겠다,6,0,0
좋겠다잉,1,0,0
좋겠어,0,0,1
좋구,3,0,1
좋구ㅋㅋㅋ파스타도ㅋㅋ면만,1,0,0
좋구마,0,0,1
좋구마잉,0,0,1
좋구만,0,0,5
좋구만ㅋㅋ,0,0,1
좋구만ㅋㅋㅋ,0,0,1
좋구만요,0,0,1
좋구먼,2,0,0
좋구먼ㅋㅋㅋ,0,0,1
좋구요,2,0,0
좋군,1,0,3
좋군요,0,0,1
좋그든ㅋㅋ,1,0,0
좋긴혀,1,0,0
좋나요,0,0,1
좋네,6,0,3
좋네요,12,0,9
좋네요ㅋ,1,0,0
좋네용,1,0,0
좋다,4,0,6
좋다고,1,0,1
좋다뇨,0,0,1
좋다더라,1,0,0
좋다며,0,0,1
좋다아,1,0,0
좋댄,1,0,0
좋더구만요,0,0,1
좋더라,0,0,2
좋더라고요,0,0,1
좋더라구여,0,0,1
좋더라구요,1,0,4
좋더라규,0,0,1
좋더랔ㅋㅋㅋㅋㅋㅋㅋㅋㅋㅋ,0,0,1
좋던,1,0,0
좋드만,1,0,0
좋슴자,0,0,1
좋습니다,1,0,10
좋습니당ㅋㅋㅋㅋㅋ,0,0,1
좋습니닼ㅋㅋㅋㅋ오랜만에,0,0,1
좋아,26,0,25
좋아ㅋㅋㅋㅋ,1,0,0
좋아래요,4,0,0
좋아보여,0,0,1
좋아보여서,1,0,0
좋아보여요,0,0,1
좋아보이지,1,0,0
좋아서,0,0,1
좋아서요,1,0,0
좋아여,5,0,1
좋아염,1,0,0
좋아요,34,0,22
좋아요ㅋㅋ,1,0,0
좋아요ㅋㅋㅋ,1,0,0
좋아요ㅋㅋㅋㅋㅋ,1,0,0
좋아요ㅋㅋㅋ요새,1,0,0
좋아요ㅎㅎ,2,0,0
좋아요ㅠ,1,0,0
좋아요ㅠㅠㅋㅋㅋㅋㅋㅋ,1,0,0
좋아요우ㅠㅜ그리고,1,0,0
좋아용,0,0,1
좋아유,1,0,1
좋아유ㅎㅎ,0,0,1
좋아졌네,1,0,0
좋아졌다고,1,0,0
좋아졌답니다,0,0,1
좋아죽네,0,0,1
좋아죽는다구,0,0,1
좋아지거나,1,0,0
좋아지겠죠,0,0,1
좋아지지도,0,0,1
좋아짐,1,0,0
좋아하거던요,1,0,0
좋아하거든,2,0,0
좋아하거든여,1,0,0
좋아하거든요,6,0,1
좋아하거든요ㅎㅎ,1,0,0
좋아하거든욬ㅋㅋ,1,0,0
좋아하게,1,0,0
좋아하겟는데용,1,0,0
좋아하겠네,0,0,1
좋아하고,3,0,0
좋아하고요,1,0,0
좋아하구요,1,0,0
좋아하네,1,0,0
좋아하네요,0,0,1
좋아하는,7,0,6
좋아하는건,1,0,0
좋아하는구나ㅋㅋㅋㅋㅋㅋㅋ,1,0,0
좋아하는데,21,0,0
좋아하는데ㅠㅠ,1,0,0
좋아하는데ㅠㅠㅠ,1,0,0
좋아하는뎅,2,0,0
좋아하니까,1,0,0
좋아하셧죠,1,0,0
좋아하시겠네요,1,0,0
좋아하시네요,1,0,0
좋아하시는,1,0,0
좋아하시지,1,0,0
좋아하실,1,0,2
좋아하잖아요,1,0,0
좋아하져,2,0,0
좋아하조ㅠㅠㅠㅠ,1,0,0
좋아하죠,16,0,2
좋아하죠ㅋㅋㅋ통했네요ㅋㅋ,1,0,0
좋아하죠ㅎㅎ,1,0,0
좋아하죠ㅠㅜㅜ,1,0,0
좋아하죠ㅠㅠㅠㅠ,1,0,0
좋아하지,7,0,0
좋아하지ㅋㅋㅋㅋㅋ,1,0,0
좋아하지요,1,0,1
좋아하진,0,0,3
좋아하진않구요,0,0,1
좋아한다ㅋㅋ,1,0,0
좋아한다는,0,0,1
좋아한다던데,0,0,1
좋아한답니다,0,0,1
좋아함,5,0,1
좋아합니다,12,0,13
좋아합니다ㅋㅋㅋㅋㅋㅋ,0,0,1
좋아합니다ㅎㅎ,1,0,0
좋아해,11,0,0
좋아해ㅛ어요,1,0,0
좋아해ㅠㅜ,1,0,0
좋아해ㅠㅜ책으로도,1,0,0
좋아해묘,1,0,0
좋아해서,14,0,2
좋아해여,3,0,1
좋아해여ㅋㅋ,1,0,0
좋아해오,1,0,0
좋아해옹,1,0,0
좋아해요,173,0,13
좋아해요ㅋㅋ,1,0,0
좋아해요ㅋㅋㅋ,2,0,0
좋아해요ㅎㅎ,4,0,0
좋아해요ㅜㅜ,1,0,0
좋아해요ㅠㅜ,1,0,0
좋아해요ㅠㅠ,2,0,0
좋아해요ㅠㅠㅠㅠㅠ,2,0,0
좋아해요ㅠㅠ매일매일,1,0,0
좋아해용,1,0,0
좋아해욬ㅋㅋㅋㅋㅋ,1,0,0
좋아햇거든요,1,0,0
좋아햇었거든요,1,0,0
좋아했거든요,1,0,0
좋아했구,1,0,0
좋아했는데,3,0,0
좋아했어,1,0,0
좋아했어요,2,0,0
좋아했었고요,1,0,0
좋아했었는데,1,0,0
좋아행,1,0,0
좋아행노,1,0,0
좋앗지,1,0,0
좋았거든요,1,0,0
좋았겠어요ㅠㅠㅠ,1,0,0
좋았고,1,0,0
좋았나보군요,0,0,1
좋았는데,0,0,1
좋았는뎅,1,0,0
좋았다고ㅎㅎ,1,0,0
좋았다면서요,1,0,0
좋았던,1,0,0
좋았슴다,0,0,1
좋았습니다,0,0,2
좋았어,3,0,2
좋았어ㅛ,1,0,0
좋았어ㅠㅠㅠ,1,0,0
좋았어요,9,0,4
좋았을때만큼,1,0,0
좋았을텐데,0,0,1
좋았음,1,0,0
좋았죠,1,0,0
좋았지,2,0,2
좋앙,1,0,2
좋어해요,4,0,0
좋운데갔다오셨네용,1,0,0
좋으넹,1,0,0
좋으다,1,0,0
좋으셨겠네요ㅎㅎ,1,0,0
좋으시겠습니다,0,0,1
좋으시겠어요,1,0,0
좋으시겠어요ㅠㅠ,1,0,0
좋으시네,1,0,0
좋으신,1,0,0
좋으실,0,0,1
좋은,21,0,52
좋은거,1,0,1
좋은거거든,0,0,1
좋은건,0,0,1
좋은걸,1,0,1
좋은걸요,0,0,1
좋은것,1,0,0
좋은것같아요,1,0,0
좋은것임,0,0,1
좋은뀸,1,0,0
좋은데,5,0,3
좋은데서,1,0,0
좋은데여,1,0,0
좋은데요,8,0,1
좋은뎅,1,0,0
좋은듯해,0,0,1
좋은디ㅋ,1,0,0
좋은생각,1,0,0
좋은생각얌,0,0,2
좋은생각이다,0,0,1
좋은생각이얌,0,0,2
좋은생각인뎅,1,0,0
좋은생각입니당,0,0,1
좋은선택이시네요,0,0,1
좋은자세야,0,0,1
좋은정보당,1,0,0
좋은차네,1,0,0
좋은현상이에용,0,0,1
좋을,7,0,1
좋을거같아요,1,0,0
좋을거란,0,1,0
좋을것,1,0,0
좋을듯,2,0,0
좋을텐데요,0,0,1
좋음,5,0,3
좋음요,0,0,1
좋응,1,0,0
좋잖아요,2,0,0
좋제,1,0,0
좋져,2,0,0
좋죠,24,0,7
좋죠ㅜㅜ,1,0,0
좋죠ㅠ,1,0,0
좋죠ㅠㅠㅠ,1,0,0
좋쥬,0,0,1
좋지,10,0,6
좋지ㅠ,3,0,0
좋지는,1,0,2
좋지요,2,0,1
좌절임,1,0,0
좌훈기,1,0,0
죠아,1,0,0
주,1,0,0
주류야,1,0,0
주륵주륵,0,0,1
주식꾼들이,1,0,0
주옥같겠군ㅋㅋ,0,0,1
주옥되는,0,0,1
주워온,0,0,1
주인,1,0,0
주저,1,0,0
주접ㅆㅏ더니,0,0,1
주차,1,0,0
주차장일거같어,1,0,0
주택가라서여,1,0,0
죽겟어요,0,0,1
죽겠고,0,0,1
죽겠어,0,0,2
죽겠어요ㅋㅋ,0,0,1
죽는줄알고,0,0,1
죽데이,1,0,0
죽도록,0,0,1
죽됐음,1,0,0
죽밥,1,0,0
죽어도,1,0,0
죽여,0,0,1
죽여줬지,0,0,1
죽을,1,0,0
죽을맛입니다,0,0,1
죽지,1,0,0
죽파,1,0,0
줄매달아놓고,0,0,1
줄어든거,1,0,0
줄어들었어요,1,0,0
줄줄,0,0,1
중2병,1,0,0
중간에,0,0,1
중간이,0,0,1
중국인스러운,1,0,0
중노동이에요,1,0,0
중독,1,0,0
중독되고,1,0,0
중독되더라구요ㅎㅎ,1,0,0
중독성,5,0,0
중독성있죠ㅋㅋ,1,0,0
중독이에요,1,0,0
중독이죠,1,0,0
중독자예요ㅠㅠ,1,0,0
중독적이죠,0,0,1
중독적인,1,0,0
중립,1,0,0
중세,1,0,0
중소기업소속st,1,0,0
중요,2,0,0
중요하다고,0,0,1
중요하죠,0,0,1
중요하지,1,0,0
중요한,0,0,7
중요한데ㅜㅜ,1,0,0
중요합니다,0,0,1
중요해,2,0,2
중요해요,0,0,2
중요했지,0,0,1
쥐약이에요,1,0,0
즁독성있는,1,0,0
즐감중이에요,1,0,0
즐거운,0,0,4
즐거울것같아요,1,0,0
즐거워,0,0,2
즐거워요,0,0,1
즐거웠습니다,0,0,1
즐거웠지,0,0,1
즐겁게,0,0,2
즐겁습니다,0,0,1
즐겁지,0,0,1
즐겼을거야ㅋㅋㅋ,1,0,0
즐기지는,0,0,1
즐기지못한,0,1,0
즐비하지,0,0,1
지,1,0,3
지가,1,0,1
지각,1,0,0
지각이다,1,0,0
지각쟁이였어용,1,0,0
지겨워요ㅠㅠ,1,0,0
지겨워죽겠어,0,0,1
지극정성이였디,0,0,1
지금,4,0,1
지금있는곳정리하고ㅠㅠ,1,0,0
지긋지긋한,0,0,1
지는,0,1,0
지독한,1,0,0
지독해요,1,0,0
지들,1,0,0
지들만,0,0,1
지딸,0,0,1
지랄이다,0,0,1
지랄지랄을,0,0,1
지맘대로,1,0,0
지멋대로에요,0,0,1
지멋대로임,0,0,1
지방,0,0,1
지배해버렸어,1,0,0
지성되서,1,0,0
지성이야,1,0,0
지성이었어요,1,0,0
지세상되니까,0,0,1
지옥이라던데ㄷㄷ,1,0,0
지옥철ㅠㅠ,1,0,0
지저분해졌다구요,1,0,0
지적이고,1,0,0
지지고,0,0,1
지지할,0,1,0
지침,1,0,0
지하,1,0,0
지하실,0,0,1
지하철,0,0,1
직격타,1,0,0
직빵이야,1,0,0
직설적이셔서,0,0,1
직장상사가,1,0,0
직장은,1,0,0
직장인,1,0,0
직진,1,0,0
직진함,1,0,0
진국이겠어요,1,0,0
진맄ㅋㅋㅋ,1,0,0
진빼느라,0,0,1
진상,1,0,0
진상떨면서,0,0,1
진상이었어,0,0,1
진수성찬,0,0,1
진수성찬인뎅,1,0,0
진심,0,0,1
진심으로,0,0,1
진심은,1,0,0
진심이네여,1,0,0
진심이라서,1,0,0
진심이시규나,1,0,0
진심이에용,1,0,0
진절머리,1,0,0
진지한데,1,0,0
진짜,7,0,0
진하게,0,0,1
진하겟는데요,1,0,0
진하겠군,0,0,1
진하고,2,0,0
진한,1,0,1
진한맛이거든요,1,0,0
진해졌네요,1,0,0
질려버렸어,0,1,0
질려버리고,1,0,0
질리도록,0,0,1
질색하면서,0,0,1
질펀하게,0,0,1
짐,1,0,0
짐승이,1,0,0
짐이고,1,0,0
짐이에요ㅋㅋ,1,0,0
집단면역,1,0,0
집돌이인,1,0,0
집밥느낌,1,0,0
집밥이네요,1,0,0
집밥이에요ㅋㅋ도가니탕이랑,1,0,0
집밥제대로시네여,1,0,0
집사님이,1,0,0
집사님이시군요ㅋㅋ,1,0,0
집순쓰,1,0,0
집순이,1,0,0
집순이네ㅋㅋㅋ,1,0,0
집순이라,2,0,0
집순이라ㅜㅜ,1,0,0
집순이라서,1,0,0
집순이에요,1,0,1
집안으로,0,0,1
집안이,0,0,1
집앞에,0,0,1
집앞이다,1,0,0
집에,0,0,1
집주인분,0,0,1
집중,1,0,0
집중수비하나보네,1,0,0
집중을,1,0,0
집중하고,1,0,0
집중하기가,1,0,0
집중하면사,0,0,1
집중해서,3,0,0
집중해야행,1,0,0
집중했어ㅋ,1,0,0
징그러워서,1,0,0
징그럽답니다,0,0,1
징글징글합니다,0,0,1
징징징,0,0,1
징하게,0,0,1
짜글짜글이었는데,1,0,0
짜릿하더라구요,1,0,0
짜릿했다고,1,0,0
짜부되있다든뎈ㅋㅋㅋㅋ,1,0,0
짜서,1,0,0
짜증나,1,0,0
짜증나ㅎㅎㅎㅎ,0,0,1
짜증나ㅠㅜㅜㅠ,1,0,0
짜증나네,1,0,0
짜증나는,0,0,1
짜증나요,1,0,0
짜증나요ㅠ,1,0,0
짜증났을,1,0,0
짜증내고,1,0,0
짜증내면서,1,0,0
짜증내서,1,0,0
짜증이래,1,0,0
짜증이빠이데쓰,1,0,0
짠내,1,0,0
짠돌이라구요,0,0,1
짧게,0,0,4
짧게있지ㅋ,0,0,1
짧네오,1,0,0
짧네요,2,0,0
짧은,0,0,2
짬뽕맛,1,0,0
짬뽕맛이었어여,1,0,0
짬뽕밥처럼,1,0,0
짬뽕으로,1,0,0
짬뽕이었어요,2,0,0
짬뽕인데,1,0,0
짭짤해,0,0,1
짭쪼름해가지고,1,0,0
짱,8,0,0
짱나겠어요,1,0,0
짱나요,1,0,0
짱나욥,1,0,0
짱나잖아요,1,0,0
짱났는데,1,0,0
짱맛인,1,0,0
짱아니냐구,1,0,0
짱이네,1,0,0
짱이네요,2,0,0
짱이다,5,0,0
짱이더라구용,0,0,1
짱이야,1,0,0
짱이었는데,1,0,0
짱이에요,1,0,0
짱이잖아요,2,0,0
짱이죠,2,0,0
짱인데요,1,0,0
짱임,1,0,0
짱짱,2,0,0
짱짱한가봐요,1,0,0
짱팬이에옄ㅋㅋㅋ,1,0,0
째꼼,0,0,1
째끔,0,0,1
쨍,0,0,1
쨍쨍,2,0,0
쨍쨍이네,1,0,0
쨍쨍이네요,0,0,1
쨍쨍이야,1,0,0
쨍쨍하게,0,0,1
쨍쨍하네요,0,0,1
쨍쨍하다가,1,0,0
쨍하게,1,0,0
쨍한,1,0,0
쨍한민트예요,1,0,0
쩌는,1,0,0
쩌는것,1,0,0
쩌리됨,1,0,0
쩐내나,1,0,0
쩔어,2,0,0
쩝쩝박사네,1,0,0
쩝쩝박사시네,1,0,0
쩝쩝박사시네요ㅜㅜㅜ,1,0,0
쩝쩝박사시네용,1,0,0
쩝쩝박사신거같아요,1,0,0
쪄서,1,0,0
쪼금,0,0,1
쪼금이라니,0,0,1
쪼금햇어용,1,0,0
쪼꼬만할때부터,1,0,0
쪼꼬매서,1,0,0
쪼꼬미네,1,0,0
쪼끔,1,0,1
쪼끔ㅠ,1,0,0
쪼끔씩만,0,0,1
쪼렙의,0,0,1
쪼매난거에요,0,0,1
쪼매만하게느껴질느낌이려낭,0,0,1
쪼오금,0,0,1
쪼잔하게,0,0,1
쫀득이요,1,0,0
쫀득쫀득해요,1,0,0
쫀득하고,2,0,0
쫀득하죠,0,0,1
쫀득해지겠어,0,0,1
쫀뜩하고,1,0,0
쫄,1,0,0
쫄깃,1,0,0
쫄깃하데,1,0,0
쫄깃한,1,0,0
쫄깃해져요ㅋ큐ㅠ,0,0,1
쫄깃혀,0,0,1
쫄라매야지,1,0,0
쫄림ㅋㅋㅋ,1,0,0
쫄보,1,0,0
쫄아있늠,1,0,0
쫄쫄,1,0,0
쫌쫌따리네여,1,0,0
쫑알쫑알,0,0,1
쫓아댕겨서,0,0,1
쫘증나,1,0,0
쫜득쫜득한,1,0,0
쫠깃쫠깃한,0,0,1
쬐금만,0,0,1
쬐이이이이이이이끔,0,0,1
쭈굴이가,1,0,0
쭈굴쭈굴해지잖아,1,0,0
쭉쭉,1,0,2
찌부시켜놓고는,1,0,0
찌뿌둥ㅇ해ㅠㅠ,0,0,1
찌찌딱이었어,1,0,0
찐,4,0,0
찐덕인데,1,0,0
찐따미가,0,0,1
찐맛집이져,1,0,0
찐민초단이시구나,1,0,0
찐복숭아,1,0,0
찐팬이네요,1,0,0
찐팬이시구나,1,0,0
찐하게,0,0,1
찐하고,1,0,0
찔끔만,0,0,2
찜,1,0,0
찜통에,1,0,0
찜통이겟내여,1,0,0
찝찝해,2,0,0
차갑게,1,0,0
차겠죠,0,0,1
차단이,1,0,0
차단이래,1,0,0
차별하는,1,0,0
차분하게,0,0,2
차이,1,0,0
차이나,1,0,0
차이나ㅋㅋㅋ,1,0,0
착각햇네,1,0,0
착각했어요,1,0,0
착함,1,0,0
착해,1,0,1
착해요,3,0,1
찬밥,1,0,0
찬성합니다,1,0,0
찰나에,0,0,1
찰나요,0,0,1
찰떡,4,0,0
찰떡ㅋㅋㅋ,1,0,0
찰떡같이,0,0,1
찰떡으로,1,0,0
찰떡은,1,0,0
찰떡이겠다,1,0,0
찰떡이고,1,0,0
찰떡이구만,1,0,0
찰떡이네요,1,0,0
찰떡이에요,1,0,1
찰떡이였지,1,0,0
찰떡인,1,0,0
찰떡임,1,0,0
찰떡입니다,0,0,1
찰랑거림,1,0,0
찰져요,0,0,1
참새인간임,1,0,0
참여가능이잖아,1,0,0
참치파거든요,1,0,0
찹살,1,0,0
창작가,1,0,0
창조주석,1,0,0
창창하네요,1,0,0
창창하니,1,0,0
창피,1,0,0
창피했던,1,0,0
찾아갈만한,1,0,0
채소는,1,0,0
채소맛으로,1,0,0
채식주의,1,0,0
책으로,1,0,0
책임질,0,1,0
챙겨봄,1,0,0
챙기잖아,1,0,0
처서매직,1,0,0
처음,5,0,0
처음듣네요ㅋㅋㅋㅋ,1,0,0
처음들어봐,1,0,0
처음들어봐요,1,0,0
처음들어봤어요,1,0,0
처음보는,0,0,1
처음엔,1,0,0
처음인거지,1,0,0
처음인데,1,0,0
척이면,0,0,1
척척,0,0,1
척척박사같아요,1,0,0
척척박사급이던데,0,0,1
천,1,0,0
천국,2,0,1
천국같았어,1,0,0
천국이네,1,0,0
천국이네요,1,0,0
천국이라구,0,0,1
천국입니다,1,0,0
천민취급ㅜ,1,0,0
천사,1,0,0
천사수준,1,0,0
천사시네요,1,0,0
천생연분인데,1,0,0
천연으로,1,0,0
천연은,1,0,0
천재,2,0,0
천재고양이,1,0,0
천재네,1,0,0
천재만재,1,0,0
천재만재셔요ㅋㅋㅋㅋㅋ,1,0,0
천재인줄알았어요,1,0,0
천재적인데,0,0,1
천주,0,0,1
천지차이더라구요,1,0,0
천차만별입니다,0,0,1
천천히,1,0,9
철벽ㅜㅜ,1,0,0
철없고,1,0,0
철저하신데요,0,0,1
철저해,1,0,0
철저히,2,0,0
철학책이더라고요,1,0,0
첨,1,0,0
첨단,1,0,0
첨보ㅏ,1,0,0
첫입이,1,0,0
청,1,0,0
청량,1,0,0
청소,1,0,0
청아하시고,1,0,0
청정지역이죠,1,0,0
체계적이던데요,1,0,0
체력,1,0,0
체력왕인데,1,0,0
체리마루처럼,1,0,0
체인이에여,1,0,0
체인점이,0,0,1
쳐다보고,1,0,0
초,2,0,0
초가을,1,0,0
초간단,1,0,0
초기,1,0,0
초기네여,1,0,0
초기때,2,0,0
초기에,1,0,2
초년생이라,1,0,0
초딩이,1,0,0
초록색이라,1,0,0
초록이라,1,0,0
초롱초롱,1,0,0
초롱초롱한,0,0,1
초롱초롱해집니다,0,0,1
초반,4,0,0
초반같은디,1,0,0
초반부터,1,0,0
초반에,2,0,0
초반에갈래,1,0,0
초반은아니고,1,0,0
초반이라하더라고,1,0,0
초반이에요ㅠ,1,0,0
초반인데,1,0,0
초반캐라,1,0,0
초보에요ㅠㅠ,1,0,0
초보운전인데,1,0,0
초보일땐,1,0,0
초보자라서,1,0,0
초보자한테는,1,0,0
초본데,1,0,0
초스피드얌,1,0,0
초연땨,1,0,0
초집중하고있어요,1,0,0
초짜라,1,0,0
초창기,1,0,0
초창기때,1,0,0
초창기에,2,0,0
초창기에는,1,0,0
초초초특급,1,0,0
초코나라더라구요,1,0,0
초코달달음료,1,0,0
초코아이스크림임,1,0,0
초통령들,1,0,0
촉촉,1,0,0
촌,2,0,0
촌구석,1,0,0
촌스러운데,1,0,0
촌스러유ㅓ요,1,0,0
총알같이,0,0,1
총알장전,0,0,1
촟초초대형,1,0,0
최고,4,0,0
최고ㅠㅠ,1,0,0
최고네,0,0,1
최고네요,1,0,0
최고로,1,0,0
최고에요,0,0,2
최고였어요,2,0,0
최고였죠,0,0,1
최고예요,2,0,0
최고의,4,0,0
최고점을,1,0,0
최고죠,2,0,0
최고죠ㅋㅋㅋㅋ,1,0,0
최고지,1,0,0
최고치를,0,0,1
최곤데요,1,0,0
최근도,1,0,0
최근에,1,0,3
최근에는,1,0,0
최근엔,1,0,0
최근은,1,0,1
최근이내요,1,0,0
최근이네,1,0,0
최소이고,1,0,0
최소화해서,1,0,0
최신,1,0,0
최신까지는,1,0,0
최신이지ㅜ,1,0,0
최신폰,1,0,0
최신폰만,1,0,0
최악,3,0,0
최악이구만요,1,0,0
최악이에요,1,0,1
최악이죠ㅠ,1,0,0
최애곡이에요,1,0,0
최애예요,1,0,0
최애치킨,1,0,0
최앸ㅋㅋㅋ,1,0,0
최저,1,0,0
최적화,0,0,1
최정예로,1,0,0
추구,1,0,0
추근댔네,1,0,0
추리추리네요,1,0,0
추리하게,1,0,0
추억,6,0,0
추억겜,1,0,0
추억도,1,0,0
추억여행,1,0,0
추억으,1,0,0
추억의,8,0,0
추억이네요,1,0,0
추억이다,3,0,0
추억이에요,2,0,0
추억이지,2,0,0
추얻이에요,1,0,0
추엇이져,1,0,0
추운,0,0,1
추울,1,0,0
추울텐뎅,1,0,0
추천,9,0,0
추천대빵이구요,1,0,0
추천드려요,5,0,0
추천드려요ㅋㅋㅋ,1,0,0
추천드립니다,1,0,0
추천은,0,0,1
추천이엥,1,0,0
추천이요,1,0,0
추천이용,1,0,0
추천입니다ㅎㅎ,1,0,0
추천입니다ㅜㅠ,1,0,0
추천추천,2,0,0
추천하는,1,0,0
추천하는데요,1,0,0
추천하던데,1,0,0
추천함,1,0,0
추천합니다,2,0,0
추천해,1,0,0
추천해여,1,0,0
추천해요,9,0,0
추천해요ㅎㅎ,1,0,0
추천해욥,1,0,0
추카해요,1,0,0
축,1,0,0
축구열풍,1,0,0
축복받은,1,0,0
축복이죠,1,0,0
축축하게,0,0,1
축축해,1,0,0
축축해요ㅎㅎ,0,0,1
축하드려요,1,0,0
축하해,1,0,0
출렁거리나,1,0,0
춤을,0,0,1
춥거나,0,0,1
춥다니깐,1,0,0
충격,2,0,0
충격이다,1,0,0
충격이었는데,1,0,0
충격이었어요ㅋㅋ,1,0,0
충격인데,1,0,0
충격적이게,1,0,0
충격적이긴,0,0,1
충격적이네요,1,0,0
충격적이야,0,0,1
충격적인,0,0,1
충격적인가게네요,0,0,1
충격적인데요,1,0,0
충분한데,0,0,1
충분해요,0,0,1
충성고객,1,0,0
충신에,1,0,0
췐스아님,1,0,0
취소라고,1,0,0
취약한데,1,0,0
취업하기,1,0,0
취저,2,0,0
취저에요,1,0,0
취저여요,1,0,0
취저인가봐여,1,0,0
취저일,1,0,0
취향,1,0,0
취향ㅠ,1,0,0
취향은,1,0,0
취향이,3,0,0
취향인가봐요,1,0,0
취향인데,1,0,0
취향일,1,0,0
취향저격,1,0,0
취향저격이네요,1,0,0
취향저격이네요ㅠㅠ꼭먹어볼게요,1,0,0
취향저격이였어욬ㅋㅋ,1,0,0
취향저격입니다ㅋㅋㅋ,1,0,0
취향타는디,1,0,0
츠억의,1,0,0
치뿌링,1,0,0
치사해요,1,0,0
치아에,1,0,0
치얼쓰다,1,0,0
치열하더라구요,1,0,0
치열한데요,1,0,0
치열해서,1,0,0
치열했다고,1,0,0
치였어요,1,0,0
치정,1,0,0
치즈케잌아니고,0,1,0
치킨,0,0,1
치킨매니아시군요,1,0,0
치킨처럼,1,0,0
치트키지,1,0,0
친구가,1,0,0
친구같겠다,1,0,0
친구들,1,0,0
친구집에서,1,0,0
친새끼,2,0,0
친새끼네,1,0,0
친새끼아니냐,1,0,0
친새끼아니야,2,0,0
친절,1,0,0
친절하고,0,0,1
친절하다,1,0,0
친하다면,1,0,0
친하진,1,0,0
친한,1,0,2
친할,0,0,1
칡냉면,1,0,0
침,1,0,0
침고였어요,1,0,0
침을,1,0,0
침착한,0,0,1
칭찬해,0,0,5
카레,1,0,0
카르스마가,1,0,0
카리스마,2,0,0
카리스마있어,0,0,1
카밍아웃,1,0,0
카카오가,0,0,1
카페믹서여야할듯ㅋㅋ,1,0,0
카피,1,5,0
카피한,0,1,0
칸막이좀,0,0,1
칼로리오버,1,0,0
칼칼하겟네,1,0,0
칼칼했음,0,0,1
칼퇴,1,0,0
칼퇴근하려고,0,0,1
칼퇴는,1,0,0
칼퇴얌,1,0,0
캄캄행,1,0,0
캐붕에,1,0,0
캐주얼하게,1,0,0
캠핑용품이,0,0,1
캠핑인데요,1,0,0
캡짱,1,0,0
커,1,0,0
커다랗게,1,0,0
커리어우먼,1,0,0
커버가능이에요,1,0,0
커요,1,0,0
커져가지구,1,0,0
커져라,0,0,1
커피,1,0,0
커피사랑입니다,1,0,0
컨디션,1,0,0
컨셉충이더라구요,1,0,0
컬렉션,1,0,0
컴백이야,1,0,0
컴퓨터,1,0,0
컸는데,1,0,0
컸다,1,0,0
컸어요,1,0,0
케미,1,0,0
케바케인지라,1,0,0
코딱지만큼,0,0,1
코로나야,1,0,0
코로나에,0,0,1
코리아,1,0,0
코리안,1,0,0
코미디야,0,0,1
코미디언,1,0,0
코믹이네ㅋㅋ,1,0,0
코믹한,1,0,0
코앞,1,0,0
코앞에서,1,0,0
코앞에서보니,1,0,0
코어로,1,0,0
코어운동,1,0,0
코해떠,1,0,0
콘서트,1,0,0
콜,1,0,0
콩나물시루,1,0,0
콱,0,0,1
쾌적하네요,0,0,1
쾌적해,1,0,0
쾌적해여,1,0,0
쿠잘알이시네요,1,0,0
쿠팡같아요,1,0,0
쿨쿨,0,0,1
쿨한,1,0,0
쿵하고,1,0,0
퀭함,1,0,0
큐띠뽀짝합니다,0,0,1
큐티뽀짝한,0,0,1
큩하고,0,0,1
크게,6,0,1
크겠네요ㅠㅠ,1,0,0
크고,1,0,2
크군,0,0,1
크로플에,1,0,0
크림치즈야,1,0,0
크진,0,0,1
큰,7,0,12
큰거,1,0,0
큰건이었는데,1,0,0
큰그림이었는데요,1,0,0
큰맘먹고,1,0,0
큰일날뻔,1,0,1
큰일날뻔했어,1,0,0
큰일은,0,0,1
큰일인데,1,0,1
큰일인데요,1,0,0
큰차에,0,0,1
큰편은,0,0,1
클듯,1,0,0
클래식,1,0,0
클래식ㅋㅋ,1,0,0
클래식으로,1,0,0
클래식하고,0,0,1
클리어,1,0,0
클린은,0,0,1
클린하겠어요,0,0,1
클린하잖아요,1,0,0
클린한,1,0,0
큼지막한뎅,1,0,0
킄거ㅜ나와쏘,1,0,0
키워주는거지,1,0,0
키크고,1,0,0
킬,1,0,0
킹받네,1,0,0
타격이,0,0,1
타격이큰듯,1,0,0
타고,1,0,0
타고난,1,0,0
타이밍,1,0,0
타이밍이,0,0,1
타인이랑,1,0,0
타지역이라,1,0,0
타코야끼,1,0,0
탁월한,2,0,0
탄수충이네,1,0,0
탄수화물,1,0,0
탄탄하실거,1,0,0
탈나서ㅜㅜㅜ,1,0,0
탈출증아닌다음에는,1,0,0
탐나는,1,0,0
탐나더라구요,1,0,0
탐난다고,1,0,0
탐날정도임,1,0,0
탕비실에,1,0,0
태그를,0,0,1
태평양이로다,0,0,1
탱글,0,0,1
터져나갈꺼,0,0,1
터지고,1,0,0
터질거같앗음,1,0,0
터짐,1,0,0
터프하고,0,0,1
턱걸이,0,0,1
턱스크수준으로,1,0,0
턱시도처럼은,1,0,0
턱턱,1,0,0
털린거,1,0,0
텅텅,1,0,0
텐션,2,0,0
토나올뻔,1,0,0
토나옴ㅋㅋㅋ,1,0,0
토마토파스타인데,1,0,0
토스트에,1,0,0
토씨하나,0,0,1
토요일재질,1,0,0
토종,1,0,0
통넓은,1,0,0
통수맞으신,1,0,0
통아저씨,0,0,1
통장에,0,0,1
통쾌,1,0,0
통통,2,0,0
통통하게,0,0,2
통하는게,1,0,0
통하시네요,1,0,0
통합된,1,0,0
통했네요,1,0,0
퇴근하셨나유,1,0,0
퇴화됐어요,1,0,0
투머치ㅋㅋㅋㅋㅋㅋ,1,0,0
투명,1,0,0
투명인간,0,0,1
투박한,1,0,0
퉁퉁,1,0,0
튀거나,0,1,0
튀기는건가요,1,0,0
튀김ㄴ스,1,0,0
튀김옷으로,1,0,0
트렌드라,1,0,0
특이하고,1,0,0
특이해요,1,0,0
특이했어요,1,0,0
특정,0,0,1
특출날,0,0,1
튼튼모였잖아,1,0,0
튼튼하게,0,0,1
튼튼한,1,0,0
튼튼해서,1,0,0
튼튼해졌꾸만,0,0,1
틀려버리셨네요,0,1,0
틀려요,2,0,0
틀렸네요,1,0,0
틀린,0,0,1
틀린건,0,0,1
틀린말도,1,0,0
틀린말은,1,1,0
틀어진,2,0,0
틀었어요,1,0,0
티나는데,1,0,0
티나섴ㅋㅋㅋㅋㅋ,1,0,0
티났는데,1,0,0
티비에서나,1,0,0
티비쟁인데,1,0,0
티스토리,1,0,0
티안나게,0,0,1
티엠아이긴한데,1,0,0
팀원드링,0,0,1
팁이네요,1,0,0
파국,1,0,0
파는거같아,1,0,0
파도처럼ㅜㅜ눈물좔좔흐르고왔었죠,1,0,0
파랗구만,1,0,0
파릇파릇,1,0,0
파리지앵의,1,0,0
파스타랑,1,0,0
파워,1,0,0
파워집순이,1,0,0
파이팅이,0,0,1
파이팅입니다,1,0,0
파인애플,1,0,0
파티아닌가요ㅜ,1,0,0
팍,1,0,0
팍팍,0,0,1
팍팍쓴대요,0,0,1
판단미스ㅎㅎ,1,0,0
판박이래요,1,0,0
판박인데,1,0,0
판소면,1,0,0
팔때는,0,0,1
팔랑귀,1,0,0
팔베고,1,0,0
팔팔하거든,1,0,0
팔팔하셔,0,0,1
팝니다ㅋㅋㅋ,1,0,0
팝콘각,1,0,0
패륜ㅇ이다,1,0,0
패티도,0,0,1
팩이구만,1,0,0
팬,2,0,0
팬까지는,1,0,0
팬됐어,1,0,0
팬은,1,0,0
팬이네,1,0,0
팬이되서,1,0,0
팬이랍니다ㅋㅋㅋㅋ,0,0,1
팬이었는데,1,0,0
팬이었어요,1,0,0
팬이에여,1,0,0
팬이예요ㅠㅠㅠ,1,0,0
팬이잖아,1,0,0
팽팽하구만,1,0,0
퍼붓더니,0,0,1
퍼즐처럼,0,0,1
퍼지게,1,0,0
퍼피레드네,1,0,0
퍽퍽한,1,0,0
펑펑,4,0,0
펑펑와,1,0,0
펜션같당,1,0,0
펜싱잘알ㅎ,1,0,0
펫샵,1,0,0
편리하고,1,0,0
편리한,0,0,1
편리합니다,1,0,0
편리해요,0,0,1
편식쟁이거든요,1,0,0
편식쟁이여서ㅠㅠ,1,0,0
편식하구,1,0,0
편안해,1,0,0
편쭐을,0,0,1
편하,1,0,0
편하게,3,0,0
편하게자겠다는거죠,1,0,0
편하겠다,2,0,1
편하겠더라구요,0,0,1
편하고,3,0,2
편하구,1,0,0
편하니까요ㅋㅋ,0,0,1
편하더라구요,2,0,1
편하던데,1,0,0
편하시겠어요,1,0,0
편하진,1,0,0
편한,1,0,0
편한ㅠ대신에,1,0,0
편한가보다,1,0,0
편할,1,0,0
편해,2,0,3
편해ㅋㅋㅋㅋㅋㅋㅋ,1,0,0
편해보잉다,1,0,0
편해요,4,0,1
편해졌대요,0,0,1
편했엌ㅋㅋ,0,0,1
편했음,1,0,0
평범한,1,0,1
평소에도,1,0,0
평온해보여용,1,0,0
폐쇄에요,1,0,0
폐쇄적이군요,0,0,1
폐인,1,0,0
폐인처럼,1,0,0
포근,1,0,0
포근했당,1,0,0
포기는,1,0,0
포기요,1,0,0
포기하신것,1,0,0
포기했어요,2,0,0
포인트에요,1,0,0
포인트죠,0,0,1
폭군이에요,0,0,1
폭넓은,1,0,0
폭발할듯,1,0,0
폭수,1,0,0
폭식중,1,0,0
폭염절정,1,0,0
폭옥하고,1,0,0
폭우가,0,0,1
폭우처럼,1,0,0
폭증한거,0,0,1
폭파시켜야함,0,1,0
폭풍사과ㅠ,1,0,0
폭풍채팅,1,0,0
폰,0,0,1
폴인럽,1,0,0
퐁,1,0,0
표정이,1,0,0
표현이,1,0,0
푠리한,0,0,1
푸석,1,0,0
푸욱,1,0,0
푸지게,1,0,0
푸짐푸짐,1,0,0
푸짐하게,0,0,2
푸짐하고,2,0,0
푸짐하네요,1,0,0
푸짐해,1,0,0
푹,10,1,9
푹담궈져서,1,0,0
푹빠지셔서,1,0,0
푹자긴,1,0,0
푹잣ㅅ어,1,0,0
푹잣댜,1,0,0
푹잤넹,1,0,0
푹잤다,1,0,0
푹잤다구,1,0,0
푹잤당,1,0,0
푼돈이지만,1,0,0
풀ㅋㅋㅋ,1,0,0
풀로,0,0,2
풀모델링하는듯,1,0,0
풀옵션,1,0,0
풀접은,1,0,0
풀코스,0,0,1
풀코스였네요,1,0,0
풀템이네옄ㅋ,1,0,0
풋풋,1,0,0
풋풋하다,1,0,0
풍경사진이,1,0,0
풍미있고,0,0,1
풍부하군,0,0,1
풍부했지,0,0,1
풍선껌향이,1,0,0
풍성하고요ㅋㅋㅋ,1,0,0
풍족하게,2,0,0
프랑스였어요,1,0,0
프로급이신,1,0,0
프로유튜바,1,0,0
프로직장인,1,0,0
프로페쌰날,1,0,0
프리,1,0,0
프리도,1,0,0
프리한,1,0,0
프리한데,1,0,0
프린스라더라고요,1,0,0
플래시게임,1,0,0
플렉스지,1,0,0
플렉스햇넽ㅌㅋㅋㅋㅋㅋㅋㅋㅋ,1,0,0
피고내,0,0,1
피곤하게,1,0,0
피곤하겟어,1,0,0
피곤하겠네우ㅜ,1,0,0
피곤하겠넹,1,0,0
피곤하네,0,0,1
피곤하죠ㅠ,0,0,1
피곤하징,1,0,0
피곤한거,1,0,0
피곤해,1,0,0
피곤해서,1,0,0
피곤햇엌ㅋㅋㅋㅋ,1,0,0
피곤했나봐,1,0,0
피곤햌ㅋㅋㅋ,1,0,0
피나게,1,0,0
피로,1,0,0
피뢰침이더라고요,1,0,0
피부가,0,0,1
피자,1,1,0
피자이야기때문에,1,0,0
피지컬,1,0,0
피켓팅,1,0,0
피크라고,1,0,0
피크말고,1,0,0
필라테스,1,0,0
필수,2,0,0
필수는,1,0,0
필수에영,1,0,0
필수에요,1,0,0
필수예요,1,0,0
필수죵ㅎㅎ,1,0,0
필수템,1,0,0
필수품이죠,1,0,0
필요한거,1,0,0
필요한거네요,1,0,0
필요해서,0,0,1
핏되게,1,0,0
핏타리인,1,0,0
핑계죠,1,0,0
핑크,1,0,0
하,1,0,0
하고싶은걸,1,0,0
하꼬방,1,0,0
하나,1,0,0
하나도,2,0,0
하늘에,2,0,0
하드한,1,0,0
하루,1,0,0
하루종일,1,0,3
하마ㅋㅋ,1,0,0
하마랑,1,0,0
하수요,1,0,0
하아,1,0,0
하이텐션이더라,1,0,0
하이텐션이라,1,0,0
하이틴인거,1,0,0
하주석을,0,0,1
하지는,0,0,1
하찮아,1,0,0
하체,1,0,0
하트,1,0,0
하트다,1,0,0
학교네,1,0,0
학다리가,1,0,0
학대맞네,1,0,0
학비아까울듯,1,0,0
학습이,0,1,0
학을,1,0,0
학자,1,0,0
한가득이군,0,0,1
한가득인데,1,0,0
한가한,0,0,1
한가했어,1,0,0
한강다리인줄,1,0,0
한계가,0,0,1
한국,0,0,1
한국식,1,0,0
한국에,2,0,0
한국음식많고,1,0,0
한국인,2,0,0
한국인의,2,0,0
한국인이,1,0,0
한국인이에요,1,0,0
한국인이용,1,0,0
한복전문이라,1,0,0
한산할듯,1,0,0
한상이네,1,0,0
한식파라서,1,0,0
한식파요,1,0,0
한식파입니다,1,0,0
한심하게,0,0,1
한없이,0,0,1
한여름이네,1,0,0
한올도,1,0,0
한움큼,1,0,0
한젓가락이더만,1,0,0
한참,1,0,0
한참걸어쒀,0,0,1
한참뒤아녀,1,0,0
한참은,0,0,1
한창때시네,0,0,1
한철,0,0,1
할매살됨,0,0,1
할매입맛이에요,1,0,0
할머니,2,0,0
할머니처럼,0,1,0
할배,1,0,0
할부지넹,1,0,0
할아부지네,1,0,0
할인,1,0,0
함박눈얌,1,0,0
합격은,1,0,0
합격정도인데,1,0,0
합격템,1,0,0
합리적이군요ㅋㅋㅋ,0,0,1
합성처럼,1,0,0
합죽이에요ㅎ,1,0,0
핫,0,0,1
핫딜이어서,1,0,0
핫플ㅋㅋ,1,0,0
핫핑크라,0,1,0
핫하니까,0,0,1
핫하다고,1,0,0
핫하대요,0,0,1
핫하더라,1,0,0
핫하더라고요,0,0,1
핫하더라구여,1,0,0
핫하더라구요,1,0,2
핫하던데,0,0,2
핫하잖아요,2,0,0
핫하죠,1,0,0
핫하지,1,0,0
핫한,4,0,2
핫한게임이잖아요,1,0,0
핫한데,0,0,1
핫할때,1,0,0
핫해서,0,0,1
핫했던,1,0,0
핫했죠,1,0,1
핫했짘ㅋㅋㅋㅋㅋㅋㅋㅋㅋㅋㅋㅋ,1,0,0
항아리라,1,0,0
해,3,0,0
해가,0,0,1
해덕이라고,1,0,0
해뜰,1,0,0
해바라기랄까요ㅋㅋㅋ,1,0,0
해방감,1,0,0
해보고,1,0,0
해보고싶어,1,0,0
해보고싶어요,1,0,0
해석1인자,0,0,1
해야겠다,0,1,0
해장국이에요bb,1,0,0
해체,0,0,1
해피는,1,0,0
해피엔딩이,1,0,0
해피엔딩인지도,1,0,0
핵불닭마라맛,1,0,0
핵빨라,1,0,0
핸드폰만,0,0,1
햄찌개네요,1,0,0
했다네,1,0,0
행복,0,0,1
행복돼지고양이,1,0,0
행복하거든요,1,0,0
행복하게,2,0,1
행복하겠다,1,0,0
행복하겠어요,1,0,0
행복하고,0,0,1
행복하구,1,0,0
행복하구만요ㅋ,0,0,1
행복하군,0,0,1
행복하더만요,0,0,1
행복하지뭐,0,0,1
행복한,3,0,1
행복할듯,1,0,0
행복함,1,0,0
행복합니다,0,0,1
행복해,1,0,0
행복해보인던데,1,0,0
행복해지거,1,0,0
행복해합니다,0,0,1
행복했오,1,0,0
향긋해,1,0,0
허겁지겁먹어서,1,0,0
허들이,0,0,1
허름한,1,0,0
허리,1,0,0
허무하게,1,0,0
허벌발목,1,0,0
허언증,1,0,0
허전ㅜㅜ,1,0,0
허접,1,0,0
허접이지만,1,0,0
허허허허허,1,0,0
헐,1,0,0
헐랭이,1,0,0
헐엇다고,1,0,0
헐이네요,1,0,0
험난하겟군,0,0,1
헤롱헤롱,1,0,0
헤어지고,1,0,0
헤어지구,0,1,0
헤어진거엿는데,0,1,0
헤헤,0,0,1
헧,1,0,0
헬스도,0,0,1
헬스장,1,0,0
헬이거든,0,0,1
헬이겠다,1,0,0
헬이에요,1,0,0
헬이죠,1,0,0
헬일,1,0,0
헷갈렸는데,1,0,0
혁신이다,1,0,0
혁혁한,0,0,1
현관뮨만,1,0,0
현금이었죠,1,0,0
현대,0,0,1
현대적이고,0,0,1
현명하세요,1,0,0
현명한,0,0,3
현명해,0,0,1
현생,1,0,0
현실상황이네요,1,0,0
현실적이구나ㅋㅋㅋㅋ,1,0,0
현실적이네ㅋㅋㅋㅋㅋㅋㅋ,1,0,0
현실적인,1,0,0
현실적인거같네ㅋㅋㅋ,1,0,0
현지,1,0,0
현지맛집이네요,1,0,0
현지인만,1,0,0
혐오해요,1,0,0
협박이네요,1,0,0
협조적이신가봐요,1,0,0
혜자,1,0,0
혜자가격,1,0,0
혜자네,1,0,0
혜자네요,1,0,0
혜자든데,1,0,0
호,2,0,0
호감,1,0,0
호감인,1,0,0
호강했지ㅎㅎ,0,0,1
호다닥,1,0,0
호던데ㅋㅋ,1,0,0
호들갑떨어,1,0,0
호들갑을,0,0,1
호떡,1,0,0
호랑말코같은ㅇ짓을,0,0,1
호시탐탐걸,1,0,0
호입니다ㅋㅋㅋ,1,0,0
호쾌해,0,0,1
호텔,1,0,0
호화로운데요,1,0,0
호화롭게,1,0,0
호화여행,1,0,0
혹ㅋㅋ,1,0,0
혹독하게,0,0,1
혹독한,0,0,1
혹시,0,0,1
혹했어요,1,0,0
혼구녕나야겠네요,0,0,1
혼구녕나야해,0,0,1
혼나야지,0,0,1
혼남,1,0,0
혼났어요ㅠㅠㅠ,1,0,0
혼내드려야대,0,0,1
혼내주ㅏ버려,0,0,1
혼내줘야겠어요,0,0,1
혼밥,1,0,0
혼을,0,0,1
혼이,1,0,0
혼자,2,0,1
혼자는,1,0,0
혼쭐,0,0,1
혼쭐나고,0,0,1
혼쭐나야지,0,0,1
혼쭐을,0,0,1
홀가분해,0,0,1
홀딱,1,0,0
홀쭉해,0,0,1
홈웨어여,1,0,0
홍길동이네,1,0,0
홍철없는,1,0,0
화가,2,0,2
화가나네,1,0,0
화나,0,0,1
화나요,1,0,0
화날듯,1,0,0
화남,1,0,0
화들짝,0,0,1
화려,1,0,0
화려하고,1,0,0
화려한거,1,0,0
화려함,1,0,0
화목해그냥,0,0,1
화목해요,0,0,1
화목했어요,1,0,0
화이트색인데,1,0,0
화이트판데,1,0,0
화창하네요,2,0,0
화창하네요ㅋㅋㅋ,1,0,0
화창하니,0,0,1
화창함,0,0,1
화창합니다,0,0,1
화창햌ㅋㅋㅋ,1,0,0
화통하신,1,0,0
화하고,1,0,0
확,4,0,1
확고함,1,0,0
확바뀜,1,0,0
확신의,1,0,0
확실ㅋㅋㅋㅋㅋ,1,0,0
확실은,1,0,0
확실하지,0,0,1
확실한,0,0,2
확정,1,0,0
확정은,1,0,0
확정인가,1,0,0
확찐자예요,1,0,0
환상,3,0,0
환상의,1,0,0
환상이잔ㅎ아요,1,0,0
환상이져,1,0,0
환상입니다,0,0,1
환상적이에요,0,0,1
환영이야,1,0,0
환영한대,1,0,0
환장하거든요,1,0,0
환장하는,1,0,0
환장하죠ㅎㅎㅎ,0,0,1
환장하쥬,0,0,1
환장함,0,0,1
환장해서,0,0,1
환장해요,2,0,0
환장혀요,1,0,0
활기차다,0,0,1
활기차보이시구만요,0,0,1
활동적이고,1,0,0
활동적이시네요,1,0,0
활발이,1,0,0
활발할거같긴해여,1,0,0
황금레시피네요,1,0,0
황당한표정으로,1,0,0
회,2,0,0
회복,1,0,0
회복에,1,0,0
회복했어요,1,0,0
회사랑,1,0,0
회색,1,0,0
회전문,1,0,0
효과음,1,0,0
효과음마냥,1,0,0
효녀,1,0,0
효녀ㅜ,1,0,0
효녀가,0,0,1
효녀구만,1,0,0
효녀냥이네여,1,0,0
효도죠,1,0,0
효묘가,1,0,0
효율적인거,1,0,0
효자가되요,1,0,0
효자네요,1,0,0
효자시네요,1,0,0
효자야,0,0,1
후각이,0,0,1
후다닥,1,0,0
후덜덜하더라구요,0,0,1
후덥지근해,1,0,0
후려쳐야,1,0,0
후련한건,1,0,0
후련해,0,0,1
후리하게,1,0,0
후줄근하게,1,0,0
후진국,1,0,0
후회중이요ㅠㅠ,1,0,0
후회했어요,1,0,0
후회했잖아요,1,0,0
훈남에,1,0,0
훈훈하더라고요,1,0,0
훌륭하게,0,0,1
훌륭하네,1,0,0
훌륭하다,0,0,1
훌륭하다고,0,0,1
훌륭하도다,0,0,1
훌륭하신,0,0,1
훌륭하십니다,1,0,1
훌륭한,3,0,3
훌륭한거,0,0,1
훌륭합니다,0,0,2
훌륭해,0,0,5
훌륭했어요,0,0,1
훌융라군,0,0,1
휑하다,1,0,0
휘감고,1,0,0
휘둘렀지,0,0,1
휘둥그레지고,1,0,0
휘몰아치기,1,0,0
휙휙,1,0,0
휴양지,2,0,0
휴양지는,1,0,0
휴지된건가요,1,0,0
흐려서,1,0,0
흐려요,1,0,0
흐리다했오,1,0,0
흐물,1,0,0
흐뭇하겠어,0,0,1
흐뭇한,1,0,0
흐뭇해,0,0,1
흐뭇해지는,0,0,1
흐지부지,1,0,0
흑역사,2,0,0
흑역사예요,1,0,0
흑역사일,1,0,0
흑역사잖아요,1,0,0
흑인같은데,1,0,0
흔한증상인데,0,0,1
흙빛돼요,1,0,0
흡입을,1,0,0
흡입하고,1,0,0
흡입함,1,0,0
흡입했네요,0,0,1
흡족스러웡,0,0,1
흡족한,0,0,1
흥건해,0,0,1
흥겨워,1,0,0
흥미,1,0,0
흥미돋이여,1,0,0
흥미로운,1,0,0
흥미로워요,1,0,1
흥미로웠어요,0,0,1
흥미롭겠어,0,0,1
흥미롭고,0,0,1
흥미롭다,1,0,0
흥미진진,5,0,3
흥미진진하고,1,0,0
흥미진진하고요,1,0,0
흥미진진하니까,1,0,0
흥미진진합니다,0,0,1
흥미진진했어요,0,0,1
흥이야,1,0,0
흥하는,1,0,0
흥해서,1,0,0
흥행보증수표네요,1,0,0
흩어져서,1,0,0
흩어졌으니,1,0,0
희망적,0,0,1
희망차네,1,0,0
희망찬,1,0,0
희재,1,0,0
흰색이랑,1,0,0
히트였죠,1,0,0
히트쳐서,1,0,0
힐링,18,0,0
힐링데이였네요,1,0,0
힐링도ㅑ요ㅠㅠ,1,0,0
힐링돼요,1,0,0
힐링됐오,1,0,0
힐링되는,1,0,0
힐링되죠,1,0,0
힐링물이에요,1,0,0
힐링스팟이에요,1,0,0
힐링여행,1,0,0
힐링여행이었습니다ㅎㅎ,1,0,0
힐링이다,1,0,0
힐링이었어요,1,0,0
힐링이요ㅠㅠ,1,0,0
힐링임,2,0,0
힐링중이네,0,0,1
힐링템,1,0,0
힐링하고,1,0,0
힐링하셨겠네요,1,0,0
힘ㄷㄹ어,0,0,1
힘겨운,0,0,1
힘나죠,1,0,0
힘든데,1,0,0
힘들,2,0,0
힘들게,5,0,0
힘들겠다,1,0,0
힘들겠어요,1,0,0
힘들다,1,0,0
힘들다던데,1,0,0
힘들더라구,0,0,1
힘들어보였어,1,0,0
힘들어요,1,0,1
힘들어지지,0,0,1
힘들어해요,0,0,1
힘들엇어,0,0,1
힘들었다,1,0,0
힘들었답니다,1,0,0
힘들었어ㅠ,1,0,0
힘들었잖아,1,0,0
힘들었죠,1,0,0
힘들었지,0,0,1
힘듭니다ㅋㅋ,0,0,1
힙한,2,0,0
힙할거같아,1,0,0
힙합은,1,0,0
힙해서,1,0,0
힙혀,1,0,0
힝입니다,1,0,0
